<?xml version="1.0" encoding="UTF-8"?>
<ImageAnnotationCollection aimVersion="AIMv4_0" xmlns="gme://caCORE.caCORE/4.4/edu.northwestern.radiology.AIM" xmlns:rdf="http://www.w3.org/1999/02/22-rdf-syntax-ns#" xmlns:xsi="http://www.w3.org/2001/XMLSchema-instance" xsi:schemaLocation="gme://caCORE.caCORE/4.4/edu.northwestern.radiology.AIM AIM_v4_rv44_XML.xsd">
<uniqueIdentifier root="ltrmdfmij3lhz9yclcsub26xqjkn4y0hfp6nu3tu"></uniqueIdentifier>
<dateTime value="2014-09-13T12:03:48"></dateTime>
<user>
<name value="anonymized"></name>
<loginName value="anonymized"></loginName>
<roleInTrial></roleInTrial>
</user>
<equipment>
<manufacturerName value="SIEMENS"></manufacturerName>
<manufacturerModelName value=""></manufacturerModelName>
<softwareVersion value="syngo CT 2010A"></softwareVersion>
</equipment>
<person>
<name value="anonymized"></name>
<id value="AMC-042"></id>
<birthDate value=""></birthDate>
<sex value="M"></sex>
<ethnicGroup></ethnicGroup>
</person>
<imageAnnotations>
<ImageAnnotation>
<uniqueIdentifier root="wxj6seatiapjd559s56925odo02kua7jvnmr0tno"></uniqueIdentifier>
<typeCode code="LT1" codeSystem="Lung Template" codeSystemName="Lung Template"></typeCode>
<dateTime value="2014-09-13T12:03:48"></dateTime>
<name value="Lesion1"></name>
<comment value="CT / LUNG 1MM B45 / 90"></comment>
<imagingPhysicalEntityCollection>
<ImagingPhysicalEntity>
<uniqueIdentifier root="4g25jt40x77x8bn8cwitz7345r23bbgk4fsmza4o"></uniqueIdentifier>
<typeCode code="RID1315" codeSystem="lower lobe of right lung" codeSystemName="RadLex_3.9.1" codeSystemVersion=""></typeCode>
<annotatorConfidence value="0.0"></annotatorConfidence>
<label value="Anatomic Location"></label>
</ImagingPhysicalEntity>
</imagingPhysicalEntityCollection>
<imagingObservationEntityCollection>
<ImagingObservationEntity>
<uniqueIdentifier root="0kwrkfcp4hn5u2038nn1mqmkcqqgv6cq86la8qh9"></uniqueIdentifier>
<typeCode code="RID39056" codeSystem=" lung mass" codeSystemName="RadLex3.8" codeSystemVersion=""></typeCode>
<annotatorConfidence value="0.0"></annotatorConfidence>
<label value="Lung Nodule"></label>
<comment></comment>
<imagingObservationCharacteristicCollection>
<ImagingObservationCharacteristic>
<typeCode code="RID5828" codeSystem="peripheral" codeSystemName="RadLex_3.9.1" codeSystemVersion=""></typeCode>
<annotatorConfidence value="0.0"></annotatorConfidence>
<label value="Axial Location"></label>
<comment></comment>
</ImagingObservationCharacteristic>
<ImagingObservationCharacteristic>
<typeCode code="RID46011" codeSystem="partially solid" codeSystemName="RadLex.3.10"></typeCode>
<typeCode code="LT3" codeSystem="Solid greaterThan 5mm" codeSystemName="LungTemplate" codeSystemVersion=""></typeCode>
<annotatorConfidence value="0.0"></annotatorConfidence>
<label value="Nodule Attenuation"></label>
<comment></comment>
</ImagingObservationCharacteristic>
<ImagingObservationCharacteristic>
<typeCode code="RID38794" codeSystem="reticulation" codeSystemName="RadLex3.9.1" codeSystemVersion=""></typeCode>
<annotatorConfidence value="0.0"></annotatorConfidence>
<label value="Nodule Internal Features"></label>
<comment></comment>
</ImagingObservationCharacteristic>
<ImagingObservationCharacteristic>
<typeCode code="RID46015" codeSystem="internal air bronchogram sign" codeSystemName="RadLex3.9.1" codeSystemVersion=""></typeCode>
<annotatorConfidence value="0.0"></annotatorConfidence>
<label value="Nodule Internal Features"></label>
<comment></comment>
</ImagingObservationCharacteristic>
<ImagingObservationCharacteristic>
<typeCode code="RID5801" codeSystem="lobulated" codeSystemName="RadLex.3.10" codeSystemVersion=""></typeCode>
<annotatorConfidence value="0.0"></annotatorConfidence>
<label value="Nodule Margins-Primary Pattern"></label>
<comment></comment>
</ImagingObservationCharacteristic>
<ImagingObservationCharacteristic>
<typeCode code="RID34283" codeSystem="poorly defined" codeSystemName="RadLex.3.10" codeSystemVersion=""></typeCode>
<annotatorConfidence value="0.0"></annotatorConfidence>
<label value="Nodule Margins-Secondary Pattern"></label>
<comment></comment>
</ImagingObservationCharacteristic>
<ImagingObservationCharacteristic>
<typeCode code="RID5757" codeSystem="complex" codeSystemName="RadLex" codeSystemVersion=""></typeCode>
<annotatorConfidence value="0.0"></annotatorConfidence>
<label value="Nodule Shape"></label>
<comment></comment>
</ImagingObservationCharacteristic>
<ImagingObservationCharacteristic>
<typeCode code="RID28454" codeSystem="none" codeSystemName="RadLex" codeSystemVersion=""></typeCode>
<annotatorConfidence value="0.0"></annotatorConfidence>
<label value="Nodule Calcification"></label>
<comment></comment>
</ImagingObservationCharacteristic>
<ImagingObservationCharacteristic>
<typeCode code="RID46018" codeSystem="attachment to pleura" codeSystemName="RadLex.3.10" codeSystemVersion=""></typeCode>
<annotatorConfidence value="0.0"></annotatorConfidence>
<label value="Nodule Associated Findings"></label>
<comment></comment>
</ImagingObservationCharacteristic>
<ImagingObservationCharacteristic>
<typeCode code="RID46034" codeSystem="pleural retraction" codeSystemName="RadLex.3.10" codeSystemVersion=""></typeCode>
<annotatorConfidence value="0.0"></annotatorConfidence>
<label value="Nodule Associated Findings"></label>
<comment></comment>
</ImagingObservationCharacteristic>
<ImagingObservationCharacteristic>
<typeCode code="RID46035" codeSystem="entering airway" codeSystemName="RadLex.3.10" codeSystemVersion=""></typeCode>
<annotatorConfidence value="0.0"></annotatorConfidence>
<label value="Nodule Associated Findings"></label>
<comment></comment>
</ImagingObservationCharacteristic>
<ImagingObservationCharacteristic>
<typeCode code="RID13173" codeSystem="normal" codeSystemName="RadLex3.10_NS" codeSystemVersion=""></typeCode>
<annotatorConfidence value="0.0"></annotatorConfidence>
<label value="Nodule Periphery"></label>
<comment></comment>
</ImagingObservationCharacteristic>
<ImagingObservationCharacteristic>
<typeCode code="RID28473" codeSystem="absent" codeSystemName="RadLex3.10_NS" codeSystemVersion=""></typeCode>
<annotatorConfidence value="0.0"></annotatorConfidence>
<label value="Satellite Nodules in Primary Lesion Lobe (greater than 4mm noncalcified)"></label>
<comment></comment>
</ImagingObservationCharacteristic>
<ImagingObservationCharacteristic>
<typeCode code="RID28473" codeSystem="absent" codeSystemName="RadLex3.10_NS" codeSystemVersion=""></typeCode>
<annotatorConfidence value="0.0"></annotatorConfidence>
<label value="Nodules in Non-Lesion Lobe Same Lung (greater than 4mm noncalcified)"></label>
<comment></comment>
</ImagingObservationCharacteristic>
<ImagingObservationCharacteristic>
<typeCode code="RID28473" codeSystem="absent" codeSystemName="RadLex3.10_NS" codeSystemVersion=""></typeCode>
<annotatorConfidence value="0.0"></annotatorConfidence>
<label value="Nodules in Contralateral Lung (gretater than 4mm noncalcified)"></label>
<comment></comment>
</ImagingObservationCharacteristic>
<ImagingObservationCharacteristic>
<typeCode code="RID28473" codeSystem="absent" codeSystemName="RadLex3.10_NS" codeSystemVersion=""></typeCode>
<annotatorConfidence value="0.0"></annotatorConfidence>
<label value="Centrilobular Nodules - Diffuse (RB type nodules)"></label>
<comment></comment>
</ImagingObservationCharacteristic>
<ImagingObservationCharacteristic>
<typeCode code="RID28473" codeSystem="absent" codeSystemName="RadLex3.10_NS" codeSystemVersion=""></typeCode>
<annotatorConfidence value="0.0"></annotatorConfidence>
<label value="Emphysema"></label>
<comment></comment>
</ImagingObservationCharacteristic>
<ImagingObservationCharacteristic>
<typeCode code="RID28473" codeSystem="absent" codeSystemName="RadLex3.10_NS" codeSystemVersion=""></typeCode>
<annotatorConfidence value="0.0"></annotatorConfidence>
<label value="Fibrosis"></label>
<comment></comment>
</ImagingObservationCharacteristic>
</imagingObservationCharacteristicCollection>
</ImagingObservationEntity>
</imagingObservationEntityCollection>
<markupEntityCollection>
<MarkupEntity xsi:type="TwoDimensionCircle">
<uniqueIdentifier root="gi8d2eb7pnupbxh3jbjd9vm20u1zwm7v534zo4zh"></uniqueIdentifier>
<shapeIdentifier value="0"></shapeIdentifier>
<includeFlag value="true"></includeFlag>
<lineColor value=""></lineColor>
<lineOpacity value=""></lineOpacity>
<lineStyle value=""></lineStyle>
<lineThickness value=""></lineThickness>
<imageReferenceUid root="1.3.6.1.4.1.14519.5.2.1.4334.1501.220617359288106679210852140138"></imageReferenceUid>
<referencedFrameNumber value="90"></referencedFrameNumber>
<twoDimensionSpatialCoordinateCollection>
<TwoDimensionSpatialCoordinate>
<coordinateIndex value="0"></coordinateIndex>
<x value="212.87846481876332"></x>
<y value="317.13432835820896"></y>
</TwoDimensionSpatialCoordinate>
<TwoDimensionSpatialCoordinate>
<coordinateIndex value="1"></coordinateIndex>
<x value="215.06183368869935"></x>
<y value="321.501066098081"></y>
</TwoDimensionSpatialCoordinate>
</twoDimensionSpatialCoordinateCollection>
</MarkupEntity>
</markupEntityCollection>
<imageReferenceEntityCollection>
<ImageReferenceEntity xsi:type="DicomImageReferenceEntity">
<uniqueIdentifier root="3fodu3a4oq1x5tndl983jou4b3qo9dur640kz80p"></uniqueIdentifier>
<imageStudy>
<instanceUid root="1.3.6.1.4.1.14519.5.2.1.4334.1501.175212982177225417364931934072"></instanceUid>
<startDate value="1994-01-14T13:35:34"></startDate>
<startTime value="13:35:34"></startTime>
<imageSeries>
<instanceUid root="1.3.6.1.4.1.14519.5.2.1.4334.1501.290192378751705663260892713878"></instanceUid>
<modality code="" codeSystem="" codeSystemName="" codeSystemVersion=""></modality>
<imageCollection>
<Image>
<sopClassUid root=""></sopClassUid>
<sopInstanceUid root="1.3.6.1.4.1.14519.5.2.1.4334.1501.220617359288106679210852140138"></sopInstanceUid>
</Image>
</imageCollection>
</imageSeries>
</imageStudy>
</ImageReferenceEntity>
</imageReferenceEntityCollection>
</ImageAnnotation>
</imageAnnotations>
</ImageAnnotationCollection>