<?xml version="1.0" encoding="UTF-8"?>
<ImageAnnotationCollection aimVersion="AIMv4_0" xmlns="gme://caCORE.caCORE/4.4/edu.northwestern.radiology.AIM" xmlns:rdf="http://www.w3.org/1999/02/22-rdf-syntax-ns#" xmlns:xsi="http://www.w3.org/2001/XMLSchema-instance" xsi:schemaLocation="gme://caCORE.caCORE/4.4/edu.northwestern.radiology.AIM AIM_v4_rv44_XML.xsd">
<uniqueIdentifier root="dtd1vdr9yxzwmypacu9x28g897ur9gisidlnm7vz"></uniqueIdentifier>
<dateTime value="2014-09-12T16:44:43"></dateTime>
<user>
<name value="anonymized"></name>
<loginName value="anonymized"></loginName>
<roleInTrial></roleInTrial>
</user>
<equipment>
<manufacturerName value="SIEMENS"></manufacturerName>
<manufacturerModelName value=""></manufacturerModelName>
<softwareVersion value="syngo CT 2007S"></softwareVersion>
</equipment>
<person>
<name value="anonymized"></name>
<id value="AMC-019"></id>
<birthDate value=""></birthDate>
<sex value="F"></sex>
<ethnicGroup></ethnicGroup>
</person>
<imageAnnotations>
<ImageAnnotation>
<uniqueIdentifier root="a5iagf68y1gfrdiduhd0lasljnja3vyqrwrnuyk5"></uniqueIdentifier>
<typeCode code="LT1" codeSystem="Lung Template" codeSystemName="Lung Template"></typeCode>
<dateTime value="2014-09-12T16:44:43"></dateTime>
<name value="Lesion1"></name>
<comment value="CT / THORAX  1.0  B45F / 129"></comment>
<imagingPhysicalEntityCollection>
<ImagingPhysicalEntity>
<uniqueIdentifier root="o32r5zv4ygh1pmdvppr4fq9iofpeueu5mb2o20lg"></uniqueIdentifier>
<typeCode code="RID1303" codeSystem="upper lobe of right lung" codeSystemName="RadLex" codeSystemVersion=""></typeCode>
<annotatorConfidence value="0.0"></annotatorConfidence>
<label value="Anatomic Location"></label>
</ImagingPhysicalEntity>
</imagingPhysicalEntityCollection>
<imagingObservationEntityCollection>
<ImagingObservationEntity>
<uniqueIdentifier root="zu44wf3cwz83i8jd4iox16ojyczko7jbyko4i52o"></uniqueIdentifier>
<typeCode code="RID39056" codeSystem=" lung mass" codeSystemName="RadLex3.8" codeSystemVersion=""></typeCode>
<annotatorConfidence value="0.0"></annotatorConfidence>
<label value="Lung Nodule"></label>
<comment></comment>
<imagingObservationCharacteristicCollection>
<ImagingObservationCharacteristic>
<typeCode code="RID5828" codeSystem="peripheral" codeSystemName="RadLex_3.9.1" codeSystemVersion=""></typeCode>
<annotatorConfidence value="0.0"></annotatorConfidence>
<label value="Axial Location"></label>
<comment></comment>
</ImagingObservationCharacteristic>
<ImagingObservationCharacteristic>
<typeCode code="RID46011" codeSystem="partially solid" codeSystemName="RadLex.3.10"></typeCode>
<typeCode code="LT3" codeSystem="Solid greaterThan 5mm" codeSystemName="LungTemplate" codeSystemVersion=""></typeCode>
<annotatorConfidence value="0.0"></annotatorConfidence>
<label value="Nodule Attenuation"></label>
<comment></comment>
</ImagingObservationCharacteristic>
<ImagingObservationCharacteristic>
<typeCode code="RID38794" codeSystem="reticulation" codeSystemName="RadLex3.9.1" codeSystemVersion=""></typeCode>
<annotatorConfidence value="0.0"></annotatorConfidence>
<label value="Nodule Internal Features"></label>
<comment></comment>
</ImagingObservationCharacteristic>
<ImagingObservationCharacteristic>
<typeCode code="RID46015" codeSystem="internal air bronchogram sign" codeSystemName="RadLex3.9.1" codeSystemVersion=""></typeCode>
<annotatorConfidence value="0.0"></annotatorConfidence>
<label value="Nodule Internal Features"></label>
<comment></comment>
</ImagingObservationCharacteristic>
<ImagingObservationCharacteristic>
<typeCode code="RID5801" codeSystem="lobulated" codeSystemName="RadLex.3.10" codeSystemVersion=""></typeCode>
<annotatorConfidence value="0.0"></annotatorConfidence>
<label value="Nodule Margins-Primary Pattern"></label>
<comment></comment>
</ImagingObservationCharacteristic>
<ImagingObservationCharacteristic>
<typeCode code="RID5809" codeSystem="irregular" codeSystemName="RadLex" codeSystemVersion=""></typeCode>
<annotatorConfidence value="0.0"></annotatorConfidence>
<label value="Nodule Margins-Secondary Pattern"></label>
<comment></comment>
</ImagingObservationCharacteristic>
<ImagingObservationCharacteristic>
<typeCode code="RID5757" codeSystem="complex" codeSystemName="RadLex" codeSystemVersion=""></typeCode>
<annotatorConfidence value="0.0"></annotatorConfidence>
<label value="Nodule Shape"></label>
<comment></comment>
</ImagingObservationCharacteristic>
<ImagingObservationCharacteristic>
<typeCode code="RID28454" codeSystem="none" codeSystemName="RadLex" codeSystemVersion=""></typeCode>
<annotatorConfidence value="0.0"></annotatorConfidence>
<label value="Nodule Calcification"></label>
<comment></comment>
</ImagingObservationCharacteristic>
<ImagingObservationCharacteristic>
<typeCode code="RID46035" codeSystem="entering airway" codeSystemName="RadLex.3.10" codeSystemVersion=""></typeCode>
<annotatorConfidence value="0.0"></annotatorConfidence>
<label value="Nodule Associated Findings"></label>
<comment></comment>
</ImagingObservationCharacteristic>
<ImagingObservationCharacteristic>
<typeCode code="RID46021" codeSystem="septal thickening" codeSystemName="RadLex.3.10" codeSystemVersion=""></typeCode>
<annotatorConfidence value="0.0"></annotatorConfidence>
<label value="Nodule Associated Findings"></label>
<comment></comment>
</ImagingObservationCharacteristic>
<ImagingObservationCharacteristic>
<typeCode code="RID13173" codeSystem="normal" codeSystemName="RadLex3.10_NS" codeSystemVersion=""></typeCode>
<annotatorConfidence value="0.0"></annotatorConfidence>
<label value="Nodule Periphery"></label>
<comment></comment>
</ImagingObservationCharacteristic>
<ImagingObservationCharacteristic>
<typeCode code="RID28473" codeSystem="absent" codeSystemName="RadLex3.10_NS" codeSystemVersion=""></typeCode>
<annotatorConfidence value="0.0"></annotatorConfidence>
<label value="Satellite Nodules in Primary Lesion Lobe (greater than 4mm noncalcified)"></label>
<comment></comment>
</ImagingObservationCharacteristic>
<ImagingObservationCharacteristic>
<typeCode code="RID46011" codeSystem="partially solid" codeSystemName="RadLex3.10_NS" codeSystemVersion=""></typeCode>
<annotatorConfidence value="0.0"></annotatorConfidence>
<label value="Nodules in Non-Lesion Lobe Same Lung (greater than 4mm noncalcified)"></label>
<comment></comment>
</ImagingObservationCharacteristic>
<ImagingObservationCharacteristic>
<typeCode code="RID28473" codeSystem="absent" codeSystemName="RadLex3.10_NS" codeSystemVersion=""></typeCode>
<annotatorConfidence value="0.0"></annotatorConfidence>
<label value="Nodules in Contralateral Lung (gretater than 4mm noncalcified)"></label>
<comment></comment>
</ImagingObservationCharacteristic>
<ImagingObservationCharacteristic>
<typeCode code="RID28473" codeSystem="absent" codeSystemName="RadLex3.10_NS" codeSystemVersion=""></typeCode>
<annotatorConfidence value="0.0"></annotatorConfidence>
<label value="Centrilobular Nodules - Diffuse (RB type nodules)"></label>
<comment></comment>
</ImagingObservationCharacteristic>
<ImagingObservationCharacteristic>
<typeCode code="RID28473" codeSystem="absent" codeSystemName="RadLex3.10_NS" codeSystemVersion=""></typeCode>
<annotatorConfidence value="0.0"></annotatorConfidence>
<label value="Emphysema"></label>
<comment></comment>
</ImagingObservationCharacteristic>
<ImagingObservationCharacteristic>
<typeCode code="RID28473" codeSystem="absent" codeSystemName="RadLex3.10_NS" codeSystemVersion=""></typeCode>
<annotatorConfidence value="0.0"></annotatorConfidence>
<label value="Fibrosis"></label>
<comment></comment>
</ImagingObservationCharacteristic>
</imagingObservationCharacteristicCollection>
</ImagingObservationEntity>
</imagingObservationEntityCollection>
<markupEntityCollection>
<MarkupEntity xsi:type="TwoDimensionCircle">
<uniqueIdentifier root="jzt03ydclykkvwukig5g32xudl2xn198e7hob4nf"></uniqueIdentifier>
<shapeIdentifier value="0"></shapeIdentifier>
<includeFlag value="true"></includeFlag>
<lineColor value=""></lineColor>
<lineOpacity value=""></lineOpacity>
<lineStyle value=""></lineStyle>
<lineThickness value=""></lineThickness>
<imageReferenceUid root="1.3.6.1.4.1.14519.5.2.1.4334.1501.557365187916849948288171063935"></imageReferenceUid>
<referencedFrameNumber value="129"></referencedFrameNumber>
<twoDimensionSpatialCoordinateCollection>
<TwoDimensionSpatialCoordinate>
<coordinateIndex value="0"></coordinateIndex>
<x value="149.40149094781685"></x>
<y value="208.28966986155487"></y>
</TwoDimensionSpatialCoordinate>
<TwoDimensionSpatialCoordinate>
<coordinateIndex value="1"></coordinateIndex>
<x value="151.58253461128862"></x>
<y value="211.56123535676252"></y>
</TwoDimensionSpatialCoordinate>
</twoDimensionSpatialCoordinateCollection>
</MarkupEntity>
</markupEntityCollection>
<imageReferenceEntityCollection>
<ImageReferenceEntity xsi:type="DicomImageReferenceEntity">
<uniqueIdentifier root="yhchwhoziptb2ykkk609cpatnaw15txxzw7n9doq"></uniqueIdentifier>
<imageStudy>
<instanceUid root="1.3.6.1.4.1.14519.5.2.1.4334.1501.198936667383770218958555213196"></instanceUid>
<startDate value="1991-12-06T13:12:55"></startDate>
<startTime value="13:12:55"></startTime>
<imageSeries>
<instanceUid root="1.3.6.1.4.1.14519.5.2.1.4334.1501.227101534332339532772305414269"></instanceUid>
<modality code="" codeSystem="" codeSystemName="" codeSystemVersion=""></modality>
<imageCollection>
<Image>
<sopClassUid root=""></sopClassUid>
<sopInstanceUid root="1.3.6.1.4.1.14519.5.2.1.4334.1501.557365187916849948288171063935"></sopInstanceUid>
</Image>
</imageCollection>
</imageSeries>
</imageStudy>
</ImageReferenceEntity>
</imageReferenceEntityCollection>
</ImageAnnotation>
</imageAnnotations>
</ImageAnnotationCollection>