<?xml version="1.0" encoding="UTF-8"?>
<ImageAnnotationCollection aimVersion="AIMv4_0" xmlns="gme://caCORE.caCORE/4.4/edu.northwestern.radiology.AIM" xmlns:rdf="http://www.w3.org/1999/02/22-rdf-syntax-ns#" xmlns:xsi="http://www.w3.org/2001/XMLSchema-instance" xsi:schemaLocation="gme://caCORE.caCORE/4.4/edu.northwestern.radiology.AIM AIM_v4_rv44_XML.xsd">
<uniqueIdentifier root="i40ij657n3jwml3wdov7uuxpll4pvhz3jaw6hk32"></uniqueIdentifier>
<dateTime value="2014-09-13T10:46:11"></dateTime>
<user>
<name value="anonymized"></name>
<loginName value="anonymized"></loginName>
<roleInTrial></roleInTrial>
</user>
<equipment>
<manufacturerName value="GE MEDICAL SYSTEMS"></manufacturerName>
<manufacturerModelName value=""></manufacturerModelName>
<softwareVersion value="gsi_mict_plus.145"></softwareVersion>
</equipment>
<person>
<name value="anonymized"></name>
<id value="AMC-032"></id>
<birthDate value=""></birthDate>
<sex value="F"></sex>
<ethnicGroup></ethnicGroup>
</person>
<imageAnnotations>
<ImageAnnotation>
<uniqueIdentifier root="ug7f1grgpjwidzvg01i7ayjsprw1xggn43nttbs8"></uniqueIdentifier>
<typeCode code="LT1" codeSystem="Lung Template" codeSystemName="Lung Template"></typeCode>
<dateTime value="2014-09-13T10:46:11"></dateTime>
<name value="Lesion1"></name>
<comment value="CT / 1.25MM CHEST / 76"></comment>
<imagingPhysicalEntityCollection>
<ImagingPhysicalEntity>
<uniqueIdentifier root="rkaugnzr45zq9x9m88qvb2zwthoarh0vthvtgzsb"></uniqueIdentifier>
<typeCode code="RID1303" codeSystem="upper lobe of right lung" codeSystemName="RadLex" codeSystemVersion=""></typeCode>
<annotatorConfidence value="0.0"></annotatorConfidence>
<label value="Anatomic Location"></label>
</ImagingPhysicalEntity>
</imagingPhysicalEntityCollection>
<imagingObservationEntityCollection>
<ImagingObservationEntity>
<uniqueIdentifier root="cita2f6r6dqnpavbjp3j8fvvj8srjyqmnqjh038l"></uniqueIdentifier>
<typeCode code="RID39056" codeSystem=" lung mass" codeSystemName="RadLex3.8" codeSystemVersion=""></typeCode>
<annotatorConfidence value="0.0"></annotatorConfidence>
<label value="Lung Nodule"></label>
<comment></comment>
<imagingObservationCharacteristicCollection>
<ImagingObservationCharacteristic>
<typeCode code="RID5827" codeSystem="central" codeSystemName="RadLex_3.9.1" codeSystemVersion=""></typeCode>
<annotatorConfidence value="0.0"></annotatorConfidence>
<label value="Axial Location"></label>
<comment></comment>
</ImagingObservationCharacteristic>
<ImagingObservationCharacteristic>
<typeCode code="RID46011" codeSystem="partially solid" codeSystemName="RadLex.3.10"></typeCode>
<typeCode code="LT2" codeSystem="Solid lessOrEqual 5mm" codeSystemName="LungTemplate" codeSystemVersion=""></typeCode>
<annotatorConfidence value="0.0"></annotatorConfidence>
<label value="Nodule Attenuation"></label>
<comment></comment>
</ImagingObservationCharacteristic>
<ImagingObservationCharacteristic>
<typeCode code="RID38794" codeSystem="reticulation" codeSystemName="RadLex3.9.1" codeSystemVersion=""></typeCode>
<annotatorConfidence value="0.0"></annotatorConfidence>
<label value="Nodule Internal Features"></label>
<comment></comment>
</ImagingObservationCharacteristic>
<ImagingObservationCharacteristic>
<typeCode code="RID5801" codeSystem="lobulated" codeSystemName="RadLex.3.10" codeSystemVersion=""></typeCode>
<annotatorConfidence value="0.0"></annotatorConfidence>
<label value="Nodule Margins-Primary Pattern"></label>
<comment></comment>
</ImagingObservationCharacteristic>
<ImagingObservationCharacteristic>
<typeCode code="RID34283" codeSystem="poorly defined" codeSystemName="RadLex.3.10" codeSystemVersion=""></typeCode>
<annotatorConfidence value="0.0"></annotatorConfidence>
<label value="Nodule Margins-Secondary Pattern"></label>
<comment></comment>
</ImagingObservationCharacteristic>
<ImagingObservationCharacteristic>
<typeCode code="RID5799" codeSystem="round" codeSystemName="RadLex" codeSystemVersion=""></typeCode>
<annotatorConfidence value="0.0"></annotatorConfidence>
<label value="Nodule Shape"></label>
<comment></comment>
</ImagingObservationCharacteristic>
<ImagingObservationCharacteristic>
<typeCode code="RID28454" codeSystem="none" codeSystemName="RadLex" codeSystemVersion=""></typeCode>
<annotatorConfidence value="0.0"></annotatorConfidence>
<label value="Nodule Calcification"></label>
<comment></comment>
</ImagingObservationCharacteristic>
<ImagingObservationCharacteristic>
<typeCode code="RID13173" codeSystem="normal" codeSystemName="RadLex3.10_NS" codeSystemVersion=""></typeCode>
<annotatorConfidence value="0.0"></annotatorConfidence>
<label value="Nodule Periphery"></label>
<comment></comment>
</ImagingObservationCharacteristic>
<ImagingObservationCharacteristic>
<typeCode code="RID28473" codeSystem="absent" codeSystemName="RadLex3.10_NS" codeSystemVersion=""></typeCode>
<annotatorConfidence value="0.0"></annotatorConfidence>
<label value="Satellite Nodules in Primary Lesion Lobe (greater than 4mm noncalcified)"></label>
<comment></comment>
</ImagingObservationCharacteristic>
<ImagingObservationCharacteristic>
<typeCode code="RID28473" codeSystem="absent" codeSystemName="RadLex3.10_NS" codeSystemVersion=""></typeCode>
<annotatorConfidence value="0.0"></annotatorConfidence>
<label value="Nodules in Non-Lesion Lobe Same Lung (greater than 4mm noncalcified)"></label>
<comment></comment>
</ImagingObservationCharacteristic>
<ImagingObservationCharacteristic>
<typeCode code="RID46016" codeSystem="non-solid" codeSystemName="RadLex3.10_NS" codeSystemVersion=""></typeCode>
<annotatorConfidence value="0.0"></annotatorConfidence>
<label value="Nodules in Contralateral Lung (gretater than 4mm noncalcified)"></label>
<comment></comment>
</ImagingObservationCharacteristic>
<ImagingObservationCharacteristic>
<typeCode code="RID28473" codeSystem="absent" codeSystemName="RadLex3.10_NS" codeSystemVersion=""></typeCode>
<annotatorConfidence value="0.0"></annotatorConfidence>
<label value="Centrilobular Nodules - Diffuse (RB type nodules)"></label>
<comment></comment>
</ImagingObservationCharacteristic>
<ImagingObservationCharacteristic>
<typeCode code="RID28473" codeSystem="absent" codeSystemName="RadLex3.10_NS" codeSystemVersion=""></typeCode>
<annotatorConfidence value="0.0"></annotatorConfidence>
<label value="Emphysema"></label>
<comment></comment>
</ImagingObservationCharacteristic>
<ImagingObservationCharacteristic>
<typeCode code="RID28473" codeSystem="absent" codeSystemName="RadLex3.10_NS" codeSystemVersion=""></typeCode>
<annotatorConfidence value="0.0"></annotatorConfidence>
<label value="Fibrosis"></label>
<comment></comment>
</ImagingObservationCharacteristic>
</imagingObservationCharacteristicCollection>
</ImagingObservationEntity>
</imagingObservationEntityCollection>
<markupEntityCollection>
<MarkupEntity xsi:type="TwoDimensionCircle">
<uniqueIdentifier root="g7k0j5s3ug65bgi4frdcrlqyru40zjwl5ykp67ug"></uniqueIdentifier>
<shapeIdentifier value="0"></shapeIdentifier>
<includeFlag value="true"></includeFlag>
<lineColor value=""></lineColor>
<lineOpacity value=""></lineOpacity>
<lineStyle value=""></lineStyle>
<lineThickness value=""></lineThickness>
<imageReferenceUid root="1.3.6.1.4.1.14519.5.2.1.4334.1501.274551002325807746791913355722"></imageReferenceUid>
<referencedFrameNumber value="76"></referencedFrameNumber>
<twoDimensionSpatialCoordinateCollection>
<TwoDimensionSpatialCoordinate>
<coordinateIndex value="0"></coordinateIndex>
<x value="167.5219560610987"></x>
<y value="330.5847973699829"></y>
</TwoDimensionSpatialCoordinate>
<TwoDimensionSpatialCoordinate>
<coordinateIndex value="1"></coordinateIndex>
<x value="168.9844030683533"></x>
<y value="332.7784678808647"></y>
</TwoDimensionSpatialCoordinate>
</twoDimensionSpatialCoordinateCollection>
</MarkupEntity>
</markupEntityCollection>
<imageReferenceEntityCollection>
<ImageReferenceEntity xsi:type="DicomImageReferenceEntity">
<uniqueIdentifier root="4hbzscq359ucp6zngosenqu0tm90mukfyf9fp6po"></uniqueIdentifier>
<imageStudy>
<instanceUid root="1.3.6.1.4.1.14519.5.2.1.4334.1501.396745595510345978775940369223"></instanceUid>
<startDate value="1993-09-22T11:48:39"></startDate>
<startTime value="11:48:39"></startTime>
<imageSeries>
<instanceUid root="1.3.6.1.4.1.14519.5.2.1.4334.1501.158724722934067661271279140184"></instanceUid>
<modality code="" codeSystem="" codeSystemName="" codeSystemVersion=""></modality>
<imageCollection>
<Image>
<sopClassUid root=""></sopClassUid>
<sopInstanceUid root="1.3.6.1.4.1.14519.5.2.1.4334.1501.274551002325807746791913355722"></sopInstanceUid>
</Image>
</imageCollection>
</imageSeries>
</imageStudy>
</ImageReferenceEntity>
</imageReferenceEntityCollection>
</ImageAnnotation>
</imageAnnotations>
</ImageAnnotationCollection>