<?xml version="1.0" encoding="UTF-8"?>
<ImageAnnotationCollection aimVersion="AIMv4_0" xmlns="gme://caCORE.caCORE/4.4/edu.northwestern.radiology.AIM" xmlns:rdf="http://www.w3.org/1999/02/22-rdf-syntax-ns#" xmlns:xsi="http://www.w3.org/2001/XMLSchema-instance" xsi:schemaLocation="gme://caCORE.caCORE/4.4/edu.northwestern.radiology.AIM AIM_v4_rv44_XML.xsd">
<uniqueIdentifier root="wzrfrohefm1yygceoahm4bld8e0gk1x67j06jviy"></uniqueIdentifier>
<dateTime value="2014-09-16T14:36:24"></dateTime>
<user>
<name value="anonymized"></name>
<loginName value="anonymized"></loginName>
<roleInTrial></roleInTrial>
</user>
<equipment>
<manufacturerName value="SIEMENS"></manufacturerName>
<manufacturerModelName value=""></manufacturerModelName>
<softwareVersion value="syngo CT 2008G"></softwareVersion>
</equipment>
<person>
<name value="anonymized"></name>
<id value="AMC-049"></id>
<birthDate value=""></birthDate>
<sex value="M"></sex>
<ethnicGroup></ethnicGroup>
</person>
<imageAnnotations>
<ImageAnnotation>
<uniqueIdentifier root="3tg3oq65tvmflfie96jtrlyzyj9dyddxlrdbls8p"></uniqueIdentifier>
<typeCode code="LT1" codeSystem="Lung Template" codeSystemName="Lung Template"></typeCode>
<dateTime value="2014-09-16T14:36:24"></dateTime>
<name value="Lesion1"></name>
<comment value="CT / THORAX LUNG 1MM / 188"></comment>
<imagingPhysicalEntityCollection>
<ImagingPhysicalEntity>
<uniqueIdentifier root="ezn5pi6m66cj9u2pseitjx1n0iqmpv89axxx7xx6"></uniqueIdentifier>
<typeCode code="RID1310" codeSystem="middle lobe of right lung" codeSystemName="RadLex_3.9.1"></typeCode>
<annotatorConfidence value="0.0"></annotatorConfidence>
<label value="Anatomic Location"></label>
</ImagingPhysicalEntity>
</imagingPhysicalEntityCollection>
<imagingObservationEntityCollection>
<ImagingObservationEntity>
<uniqueIdentifier root="9mbe94edarsn0ao5vqlqwm7452fc9ebhmkcjsnmd"></uniqueIdentifier>
<typeCode code="RID39056" codeSystem=" lung mass" codeSystemName="RadLex3.8"></typeCode>
<annotatorConfidence value="0.0"></annotatorConfidence>
<label value="Lung Nodule"></label>
<comment></comment>
<imagingObservationCharacteristicCollection>
<ImagingObservationCharacteristic>
<typeCode code="RID5827" codeSystem="central" codeSystemName="RadLex_3.9.1"></typeCode>
<annotatorConfidence value="0.0"></annotatorConfidence>
<label value="Axial Location"></label>
<comment></comment>
</ImagingObservationCharacteristic>
<ImagingObservationCharacteristic>
<typeCode code="RID5741" codeSystem="solid" codeSystemName="RadLex.3.10"></typeCode>
<annotatorConfidence value="0.0"></annotatorConfidence>
<label value="Nodule Attenuation"></label>
<comment></comment>
</ImagingObservationCharacteristic>
<ImagingObservationCharacteristic>
<typeCode code="RID5171" codeSystem="necrosis" codeSystemName="RadLex3.9.1"></typeCode>
<annotatorConfidence value="0.0"></annotatorConfidence>
<label value="Nodule Internal Features"></label>
<comment></comment>
</ImagingObservationCharacteristic>
<ImagingObservationCharacteristic>
<typeCode code="RID5801" codeSystem="lobulated" codeSystemName="RadLex.3.10"></typeCode>
<annotatorConfidence value="0.0"></annotatorConfidence>
<label value="Nodule Margins-Primary Pattern"></label>
<comment></comment>
</ImagingObservationCharacteristic>
<ImagingObservationCharacteristic>
<typeCode code="RID34284" codeSystem="spiculated" codeSystemName="RadLex"></typeCode>
<annotatorConfidence value="0.0"></annotatorConfidence>
<label value="Nodule Margins-Secondary Pattern"></label>
<comment></comment>
</ImagingObservationCharacteristic>
<ImagingObservationCharacteristic>
<typeCode code="RID5757" codeSystem="complex" codeSystemName="RadLex"></typeCode>
<annotatorConfidence value="0.0"></annotatorConfidence>
<label value="Nodule Shape"></label>
<comment></comment>
</ImagingObservationCharacteristic>
<ImagingObservationCharacteristic>
<typeCode code="RID28454" codeSystem="none" codeSystemName="RadLex"></typeCode>
<annotatorConfidence value="0.0"></annotatorConfidence>
<label value="Nodule Calcification"></label>
<comment></comment>
</ImagingObservationCharacteristic>
<ImagingObservationCharacteristic>
<typeCode code="RID46018" codeSystem="attachment to pleura" codeSystemName="RadLex.3.10"></typeCode>
<annotatorConfidence value="0.0"></annotatorConfidence>
<label value="Nodule Associated Findings"></label>
<comment></comment>
</ImagingObservationCharacteristic>
<ImagingObservationCharacteristic>
<typeCode code="RID46052" codeSystem="attachment to vessel" codeSystemName="RadLex.3.10"></typeCode>
<annotatorConfidence value="0.0"></annotatorConfidence>
<label value="Nodule Associated Findings"></label>
<comment></comment>
</ImagingObservationCharacteristic>
<ImagingObservationCharacteristic>
<typeCode code="RID46019" codeSystem="attachment to bronchus" codeSystemName="RadLex.3.10"></typeCode>
<annotatorConfidence value="0.0"></annotatorConfidence>
<label value="Nodule Associated Findings"></label>
<comment></comment>
</ImagingObservationCharacteristic>
<ImagingObservationCharacteristic>
<typeCode code="RID46035" codeSystem="entering airway" codeSystemName="RadLex.3.10"></typeCode>
<annotatorConfidence value="0.0"></annotatorConfidence>
<label value="Nodule Associated Findings"></label>
<comment></comment>
</ImagingObservationCharacteristic>
<ImagingObservationCharacteristic>
<typeCode code="RID4799" codeSystem="emphysema" codeSystemName="RadLex3.10_NS"></typeCode>
<annotatorConfidence value="0.0"></annotatorConfidence>
<label value="Nodule Periphery"></label>
<comment></comment>
</ImagingObservationCharacteristic>
<ImagingObservationCharacteristic>
<typeCode code="RID5741" codeSystem="solid" codeSystemName="RadLex3.10_NS"></typeCode>
<annotatorConfidence value="0.0"></annotatorConfidence>
<label value="Satellite Nodules in Primary Lesion Lobe (greater than 4mm noncalcified)"></label>
<comment></comment>
</ImagingObservationCharacteristic>
<ImagingObservationCharacteristic>
<typeCode code="RID5741" codeSystem="solid" codeSystemName="RadLex3.10_NS"></typeCode>
<annotatorConfidence value="0.0"></annotatorConfidence>
<label value="Nodules in Non-Lesion Lobe Same Lung (greater than 4mm noncalcified)"></label>
<comment></comment>
</ImagingObservationCharacteristic>
<ImagingObservationCharacteristic>
<typeCode code="RID28473" codeSystem="absent" codeSystemName="RadLex3.10_NS"></typeCode>
<annotatorConfidence value="0.0"></annotatorConfidence>
<label value="Nodules in Contralateral Lung (gretater than 4mm noncalcified)"></label>
<comment></comment>
</ImagingObservationCharacteristic>
<ImagingObservationCharacteristic>
<typeCode code="RID28473" codeSystem="absent" codeSystemName="RadLex3.10_NS"></typeCode>
<annotatorConfidence value="0.0"></annotatorConfidence>
<label value="Centrilobular Nodules - Diffuse (RB type nodules)"></label>
<comment></comment>
</ImagingObservationCharacteristic>
<ImagingObservationCharacteristic>
<typeCode code="RID28472" codeSystem="present" codeSystemName="RadLex3.10_NS"></typeCode>
<annotatorConfidence value="0.0"></annotatorConfidence>
<label value="Emphysema"></label>
<comment></comment>
</ImagingObservationCharacteristic>
<ImagingObservationCharacteristic>
<typeCode code="RID28505" codeSystem="centrilobular" codeSystemName="RadLex3.10_NS"></typeCode>
<annotatorConfidence value="0.0"></annotatorConfidence>
<label value="Primary Emphysema Pattern"></label>
<comment></comment>
</ImagingObservationCharacteristic>
<ImagingObservationCharacteristic>
<typeCode code="T28" codeSystem="upper predominant" codeSystemName="LungTemplate"></typeCode>
<annotatorConfidence value="0.0"></annotatorConfidence>
<label value="Primary Distribution"></label>
<comment></comment>
</ImagingObservationCharacteristic>
<ImagingObservationCharacteristic>
<typeCode code="RID5770" codeSystem="both" codeSystemName="RadLex3.10_NS"></typeCode>
<annotatorConfidence value="0.0"></annotatorConfidence>
<label value="Primary Emphysema Laterality"></label>
<comment></comment>
</ImagingObservationCharacteristic>
<ImagingObservationCharacteristic>
<typeCode code="RID46056" codeSystem="not applicable" codeSystemName="RadLex3.10_NS"></typeCode>
<annotatorConfidence value="0.0"></annotatorConfidence>
<label value="Secondary Emmphysema Pattern"></label>
<comment></comment>
</ImagingObservationCharacteristic>
<ImagingObservationCharacteristic>
<typeCode code="T37" codeSystem="moderate severity (26-50%)" codeSystemName="LungTemplate"></typeCode>
<annotatorConfidence value="0.0"></annotatorConfidence>
<label value="Overall Emmphysema Severity"></label>
<comment></comment>
</ImagingObservationCharacteristic>
<ImagingObservationCharacteristic>
<typeCode code="RID46027" codeSystem="bronchial wall thickening" codeSystemName="RadLex3.10_NS"></typeCode>
<annotatorConfidence value="0.0"></annotatorConfidence>
<label value="Lung Parencyma Features"></label>
<comment></comment>
</ImagingObservationCharacteristic>
<ImagingObservationCharacteristic>
<typeCode code="RID28473" codeSystem="absent" codeSystemName="RadLex3.10_NS"></typeCode>
<annotatorConfidence value="0.0"></annotatorConfidence>
<label value="Fibrosis"></label>
<comment></comment>
</ImagingObservationCharacteristic>
</imagingObservationCharacteristicCollection>
</ImagingObservationEntity>
</imagingObservationEntityCollection>
<markupEntityCollection>
<MarkupEntity xsi:type="TwoDimensionCircle">
<uniqueIdentifier root="tuphb43pp6gpnv21bz9c9ltcjmusqiyfjwep8o4j"></uniqueIdentifier>
<shapeIdentifier value="0"></shapeIdentifier>
<includeFlag value="true"></includeFlag>
<lineColor value=""></lineColor>
<lineOpacity value=""></lineOpacity>
<lineStyle value=""></lineStyle>
<lineThickness value=""></lineThickness>
<imageReferenceUid root="1.3.6.1.4.1.14519.5.2.1.4334.1501.245469081400133446639414920237"></imageReferenceUid>
<referencedFrameNumber value="188"></referencedFrameNumber>
<twoDimensionSpatialCoordinateCollection>
<TwoDimensionSpatialCoordinate>
<coordinateIndex value="0"></coordinateIndex>
<x value="161.56929637526653"></x>
<y value="234.16631130063965"></y>
</TwoDimensionSpatialCoordinate>
<TwoDimensionSpatialCoordinate>
<coordinateIndex value="1"></coordinateIndex>
<x value="166.4818763326226"></x>
<y value="240.17057569296375"></y>
</TwoDimensionSpatialCoordinate>
</twoDimensionSpatialCoordinateCollection>
</MarkupEntity>
</markupEntityCollection>
<imageReferenceEntityCollection>
<ImageReferenceEntity xsi:type="DicomImageReferenceEntity">
<uniqueIdentifier root="5se4fswha5w15cwt3bamyoj7nh3m73zn2iwez3ck"></uniqueIdentifier>
<imageStudy>
<instanceUid root="1.3.6.1.4.1.14519.5.2.1.4334.1501.169689721705274041771980246066"></instanceUid>
<startDate value="1991-08-09T15:22:43"></startDate>
<startTime value="15:22:43"></startTime>
<imageSeries>
<instanceUid root="1.3.6.1.4.1.14519.5.2.1.4334.1501.309762277070739159137369870949"></instanceUid>
<modality code="" codeSystem="" codeSystemName="" codeSystemVersion=""></modality>
<imageCollection>
<Image>
<sopClassUid root=""></sopClassUid>
<sopInstanceUid root="1.3.6.1.4.1.14519.5.2.1.4334.1501.245469081400133446639414920237"></sopInstanceUid>
</Image>
</imageCollection>
</imageSeries>
</imageStudy>
</ImageReferenceEntity>
</imageReferenceEntityCollection>
</ImageAnnotation>
</imageAnnotations>
</ImageAnnotationCollection>