<?xml version="1.0" encoding="UTF-8"?>
<ImageAnnotationCollection aimVersion="AIMv4_0" xmlns="gme://caCORE.caCORE/4.4/edu.northwestern.radiology.AIM" xmlns:rdf="http://www.w3.org/1999/02/22-rdf-syntax-ns#" xmlns:xsi="http://www.w3.org/2001/XMLSchema-instance" xsi:schemaLocation="gme://caCORE.caCORE/4.4/edu.northwestern.radiology.AIM AIM_v4_rv44_XML.xsd">
<uniqueIdentifier root="2q2lq7hdz1477wnyq48657bf6yjphhcqkentqj8e"></uniqueIdentifier>
<dateTime value="2014-09-13T11:19:09"></dateTime>
<user>
<name value="anonymized"></name>
<loginName value="anonymized"></loginName>
<roleInTrial></roleInTrial>
</user>
<equipment>
<manufacturerName value="SIEMENS"></manufacturerName>
<manufacturerModelName value=""></manufacturerModelName>
<softwareVersion value="syngo CT 2007S"></softwareVersion>
</equipment>
<person>
<name value="anonymized"></name>
<id value="AMC-037"></id>
<birthDate value=""></birthDate>
<sex value="F"></sex>
<ethnicGroup></ethnicGroup>
</person>
<imageAnnotations>
<ImageAnnotation>
<uniqueIdentifier root="k6iydgllucvbzkp2i0vk1adxpc5dxbn22c6rum5s"></uniqueIdentifier>
<typeCode code="LT1" codeSystem="Lung Template" codeSystemName="Lung Template"></typeCode>
<dateTime value="2014-09-13T11:19:09"></dateTime>
<name value="Lesion1"></name>
<comment value="CT / THORAX  1.0  B45F / 83"></comment>
<imagingPhysicalEntityCollection>
<ImagingPhysicalEntity>
<uniqueIdentifier root="l51rhw0yx672l7nurtaifqkcsa99kljxsl20ljlq"></uniqueIdentifier>
<typeCode code="RID1303" codeSystem="upper lobe of right lung" codeSystemName="RadLex" codeSystemVersion=""></typeCode>
<annotatorConfidence value="0.0"></annotatorConfidence>
<label value="Anatomic Location"></label>
</ImagingPhysicalEntity>
</imagingPhysicalEntityCollection>
<imagingObservationEntityCollection>
<ImagingObservationEntity>
<uniqueIdentifier root="ry8hbm0wb4q8al3u8fgfc8h4dcrbu13nibbmnios"></uniqueIdentifier>
<typeCode code="RID39056" codeSystem=" lung mass" codeSystemName="RadLex3.8" codeSystemVersion=""></typeCode>
<annotatorConfidence value="0.0"></annotatorConfidence>
<label value="Lung Nodule"></label>
<comment></comment>
<imagingObservationCharacteristicCollection>
<ImagingObservationCharacteristic>
<typeCode code="RID5827" codeSystem="central" codeSystemName="RadLex_3.9.1" codeSystemVersion=""></typeCode>
<annotatorConfidence value="0.0"></annotatorConfidence>
<label value="Axial Location"></label>
<comment></comment>
</ImagingObservationCharacteristic>
<ImagingObservationCharacteristic>
<typeCode code="RID5741" codeSystem="solid" codeSystemName="RadLex.3.10" codeSystemVersion=""></typeCode>
<annotatorConfidence value="0.0"></annotatorConfidence>
<label value="Nodule Attenuation"></label>
<comment></comment>
</ImagingObservationCharacteristic>
<ImagingObservationCharacteristic>
<typeCode code="RID46015" codeSystem="internal air bronchogram sign" codeSystemName="RadLex3.9.1" codeSystemVersion=""></typeCode>
<annotatorConfidence value="0.0"></annotatorConfidence>
<label value="Nodule Internal Features"></label>
<comment></comment>
</ImagingObservationCharacteristic>
<ImagingObservationCharacteristic>
<typeCode code="RID34284" codeSystem="spiculated" codeSystemName="RadLex" codeSystemVersion=""></typeCode>
<annotatorConfidence value="0.0"></annotatorConfidence>
<label value="Nodule Margins-Primary Pattern"></label>
<comment></comment>
</ImagingObservationCharacteristic>
<ImagingObservationCharacteristic>
<typeCode code="RID5809" codeSystem="irregular" codeSystemName="RadLex" codeSystemVersion=""></typeCode>
<annotatorConfidence value="0.0"></annotatorConfidence>
<label value="Nodule Margins-Secondary Pattern"></label>
<comment></comment>
</ImagingObservationCharacteristic>
<ImagingObservationCharacteristic>
<typeCode code="RID5757" codeSystem="complex" codeSystemName="RadLex" codeSystemVersion=""></typeCode>
<annotatorConfidence value="0.0"></annotatorConfidence>
<label value="Nodule Shape"></label>
<comment></comment>
</ImagingObservationCharacteristic>
<ImagingObservationCharacteristic>
<typeCode code="RID5828" codeSystem="peripheral" codeSystemName="RadLex" codeSystemVersion=""></typeCode>
<annotatorConfidence value="0.0"></annotatorConfidence>
<label value="Nodule Calcification"></label>
<comment></comment>
</ImagingObservationCharacteristic>
<ImagingObservationCharacteristic>
<typeCode code="RID46018" codeSystem="attachment to pleura" codeSystemName="RadLex.3.10" codeSystemVersion=""></typeCode>
<annotatorConfidence value="0.0"></annotatorConfidence>
<label value="Nodule Associated Findings"></label>
<comment></comment>
</ImagingObservationCharacteristic>
<ImagingObservationCharacteristic>
<typeCode code="RID46052" codeSystem="attachment to vessel" codeSystemName="RadLex.3.10" codeSystemVersion=""></typeCode>
<annotatorConfidence value="0.0"></annotatorConfidence>
<label value="Nodule Associated Findings"></label>
<comment></comment>
</ImagingObservationCharacteristic>
<ImagingObservationCharacteristic>
<typeCode code="RID46019" codeSystem="attachment to bronchus" codeSystemName="RadLex.3.10" codeSystemVersion=""></typeCode>
<annotatorConfidence value="0.0"></annotatorConfidence>
<label value="Nodule Associated Findings"></label>
<comment></comment>
</ImagingObservationCharacteristic>
<ImagingObservationCharacteristic>
<typeCode code="RID46035" codeSystem="entering airway" codeSystemName="RadLex.3.10" codeSystemVersion=""></typeCode>
<annotatorConfidence value="0.0"></annotatorConfidence>
<label value="Nodule Associated Findings"></label>
<comment></comment>
</ImagingObservationCharacteristic>
<ImagingObservationCharacteristic>
<typeCode code="RID46020" codeSystem="bronchovascular bundle" codeSystemName="RadLex.3.10"></typeCode>
<typeCode code="RID5914" codeSystem="thickened" codeSystemName="RadLex3.10_NS" codeSystemVersion=""></typeCode>
<annotatorConfidence value="0.0"></annotatorConfidence>
<label value="Nodule Associated Findings"></label>
<comment></comment>
</ImagingObservationCharacteristic>
<ImagingObservationCharacteristic>
<typeCode code="RID13173" codeSystem="normal" codeSystemName="RadLex3.10_NS" codeSystemVersion=""></typeCode>
<annotatorConfidence value="0.0"></annotatorConfidence>
<label value="Nodule Periphery"></label>
<comment></comment>
</ImagingObservationCharacteristic>
<ImagingObservationCharacteristic>
<typeCode code="RID28473" codeSystem="absent" codeSystemName="RadLex3.10_NS" codeSystemVersion=""></typeCode>
<annotatorConfidence value="0.0"></annotatorConfidence>
<label value="Satellite Nodules in Primary Lesion Lobe (greater than 4mm noncalcified)"></label>
<comment></comment>
</ImagingObservationCharacteristic>
<ImagingObservationCharacteristic>
<typeCode code="RID28473" codeSystem="absent" codeSystemName="RadLex3.10_NS" codeSystemVersion=""></typeCode>
<annotatorConfidence value="0.0"></annotatorConfidence>
<label value="Nodules in Non-Lesion Lobe Same Lung (greater than 4mm noncalcified)"></label>
<comment></comment>
</ImagingObservationCharacteristic>
<ImagingObservationCharacteristic>
<typeCode code="RID28473" codeSystem="absent" codeSystemName="RadLex3.10_NS" codeSystemVersion=""></typeCode>
<annotatorConfidence value="0.0"></annotatorConfidence>
<label value="Nodules in Contralateral Lung (gretater than 4mm noncalcified)"></label>
<comment></comment>
</ImagingObservationCharacteristic>
<ImagingObservationCharacteristic>
<typeCode code="RID28473" codeSystem="absent" codeSystemName="RadLex3.10_NS" codeSystemVersion=""></typeCode>
<annotatorConfidence value="0.0"></annotatorConfidence>
<label value="Centrilobular Nodules - Diffuse (RB type nodules)"></label>
<comment></comment>
</ImagingObservationCharacteristic>
<ImagingObservationCharacteristic>
<typeCode code="RID28473" codeSystem="absent" codeSystemName="RadLex3.10_NS" codeSystemVersion=""></typeCode>
<annotatorConfidence value="0.0"></annotatorConfidence>
<label value="Emphysema"></label>
<comment></comment>
</ImagingObservationCharacteristic>
<ImagingObservationCharacteristic>
<typeCode code="RID28472" codeSystem="present" codeSystemName="RadLex3.10_NS" codeSystemVersion=""></typeCode>
<annotatorConfidence value="0.0"></annotatorConfidence>
<label value="Fibrosis"></label>
<comment></comment>
</ImagingObservationCharacteristic>
<ImagingObservationCharacteristic>
<typeCode code="T28" codeSystem="upper predominant" codeSystemName="LungTemplate" codeSystemVersion=""></typeCode>
<annotatorConfidence value="0.0"></annotatorConfidence>
<label value="Anatomic Fibrosis Distribution"></label>
<comment></comment>
</ImagingObservationCharacteristic>
<ImagingObservationCharacteristic>
<typeCode code="RID46032" codeSystem="subpleural" codeSystemName="RadLex3.10_NS" codeSystemVersion=""></typeCode>
<annotatorConfidence value="0.0"></annotatorConfidence>
<label value="Axial Fibrosis Distribution"></label>
<comment></comment>
</ImagingObservationCharacteristic>
<ImagingObservationCharacteristic>
<typeCode code="T44" codeSystem="other fibrosis" codeSystemName="LungTemplate" codeSystemVersion=""></typeCode>
<annotatorConfidence value="0.0"></annotatorConfidence>
<label value="Fibrosis Type"></label>
<comment></comment>
</ImagingObservationCharacteristic>
</imagingObservationCharacteristicCollection>
</ImagingObservationEntity>
</imagingObservationEntityCollection>
<markupEntityCollection>
<MarkupEntity xsi:type="TwoDimensionCircle">
<uniqueIdentifier root="cpz96mhr6hahvifrliag974wla7g6h6ymxxhgvwj"></uniqueIdentifier>
<shapeIdentifier value="0"></shapeIdentifier>
<includeFlag value="true"></includeFlag>
<lineColor value=""></lineColor>
<lineOpacity value=""></lineOpacity>
<lineStyle value=""></lineStyle>
<lineThickness value=""></lineThickness>
<imageReferenceUid root="1.3.6.1.4.1.14519.5.2.1.4334.1501.454329762149997607460719314629"></imageReferenceUid>
<referencedFrameNumber value="83"></referencedFrameNumber>
<twoDimensionSpatialCoordinateCollection>
<TwoDimensionSpatialCoordinate>
<coordinateIndex value="0"></coordinateIndex>
<x value="173.5778251599147"></x>
<y value="259.82089552238807"></y>
</TwoDimensionSpatialCoordinate>
<TwoDimensionSpatialCoordinate>
<coordinateIndex value="1"></coordinateIndex>
<x value="179.5820895522388"></x>
<y value="264.18763326226014"></y>
</TwoDimensionSpatialCoordinate>
</twoDimensionSpatialCoordinateCollection>
</MarkupEntity>
</markupEntityCollection>
<imageReferenceEntityCollection>
<ImageReferenceEntity xsi:type="DicomImageReferenceEntity">
<uniqueIdentifier root="87v864r1vxz64b1qn90i4m42s4h9wrxrlc8kt4h3"></uniqueIdentifier>
<imageStudy>
<instanceUid root="1.3.6.1.4.1.14519.5.2.1.4334.1501.174352832160314765950174664147"></instanceUid>
<startDate value="1992-07-06T07:23:50"></startDate>
<startTime value="07:23:50"></startTime>
<imageSeries>
<instanceUid root="1.3.6.1.4.1.14519.5.2.1.4334.1501.956533011023866763082729507661"></instanceUid>
<modality code="" codeSystem="" codeSystemName="" codeSystemVersion=""></modality>
<imageCollection>
<Image>
<sopClassUid root=""></sopClassUid>
<sopInstanceUid root="1.3.6.1.4.1.14519.5.2.1.4334.1501.454329762149997607460719314629"></sopInstanceUid>
</Image>
</imageCollection>
</imageSeries>
</imageStudy>
</ImageReferenceEntity>
</imageReferenceEntityCollection>
</ImageAnnotation>
</imageAnnotations>
</ImageAnnotationCollection>