<?xml version="1.0" encoding="UTF-8"?>
<ImageAnnotationCollection aimVersion="AIMv4_0" xmlns="gme://caCORE.caCORE/4.4/edu.northwestern.radiology.AIM" xmlns:rdf="http://www.w3.org/1999/02/22-rdf-syntax-ns#" xmlns:xsi="http://www.w3.org/2001/XMLSchema-instance" xsi:schemaLocation="gme://caCORE.caCORE/4.4/edu.northwestern.radiology.AIM AIM_v4_rv44_XML.xsd">
<uniqueIdentifier root="7zzlybj2xxqu7t6v7fz2rgg4uhper3yejt6okxav"></uniqueIdentifier>
<dateTime value="20140509181405"></dateTime>
<user>
<name value="anonymized"></name>
<loginName value="anonymized"></loginName>
<roleInTrial></roleInTrial>
</user>
<equipment>
<manufacturerName value="GE MEDICAL SYSTEMS"></manufacturerName>
<manufacturerModelName value="LightSpeed VCT"></manufacturerModelName>
<softwareVersion value=""></softwareVersion>
</equipment>
<person>
<name value="anonymized"></name>
<id value="R01-061"></id>
<birthDate value=""></birthDate>
<sex value="M"></sex>
<ethnicGroup></ethnicGroup>
</person>
<imageAnnotations>
<ImageAnnotation>
<uniqueIdentifier root="2.25.120975913836613531792819761279580871624"></uniqueIdentifier>
<typeCode code="LT1" codeSystemName="Lung Template">
<iso:displayName value="Lung Template" xmlns:iso="uri:iso.org:21090"></iso:displayName>
</typeCode>
<dateTime value="20140509181405"></dateTime>
<name value="Lesion1~sp1~-~sp1~-1~sp1~#FFFFFF"></name>
<comment value="CT / CT THICK AXIALS 2.5MM / 40"></comment>
<imagingPhysicalEntityCollection>
<ImagingPhysicalEntity>
<uniqueIdentifier root="2.25.96266913688577898039932162313191001950"></uniqueIdentifier>
<typeCode code="RID1303" codeSystemName="RadLex" codeSystemVersion="">
<iso:displayName value="upper lobe of right lung" xmlns:iso="uri:iso.org:21090"></iso:displayName>
</typeCode>
<annotatorConfidence value="0.0"></annotatorConfidence>
<label value="Anatomic Location"></label>
</ImagingPhysicalEntity>
</imagingPhysicalEntityCollection>
<imagingObservationEntityCollection>
<ImagingObservationEntity>
<uniqueIdentifier root="2.25.164566602341160015351946312835172350067"></uniqueIdentifier>
<typeCode code="RID39056" codeSystemName="RadLex3.8" codeSystemVersion="">
<iso:displayName value=" lung mass" xmlns:iso="uri:iso.org:21090"></iso:displayName>
</typeCode>
<annotatorConfidence value="0.0"></annotatorConfidence>
<label value="Lung Nodule"></label>
<comment></comment>
</ImagingObservationEntity>
<ImagingObservationEntity>
<uniqueIdentifier root="2.25.154720619041955349776720206849024934271"></uniqueIdentifier>
<typeCode code="RID39056" codeSystemName="RadLex3.8" codeSystemVersion="">
<iso:displayName value=" lung mass" xmlns:iso="uri:iso.org:21090"></iso:displayName>
</typeCode>
<annotatorConfidence value="0.0"></annotatorConfidence>
<label value="Lung Nodule"></label>
<comment></comment>
<imagingObservationCharacteristicCollection>
<ImagingObservationCharacteristic>
<typeCode code="RID5828" codeSystemName="RadLex_3.9.1" codeSystemVersion="">
<iso:displayName value="peripheral" xmlns:iso="uri:iso.org:21090"></iso:displayName>
</typeCode>
<annotatorConfidence value="0.0"></annotatorConfidence>
<label value="Axial Location"></label>
<comment></comment>
</ImagingObservationCharacteristic>
<ImagingObservationCharacteristic>
<typeCode code="RID5741" codeSystemName="RadLex.3.10" codeSystemVersion="">
<iso:displayName value="solid" xmlns:iso="uri:iso.org:21090"></iso:displayName>
</typeCode>
<annotatorConfidence value="0.0"></annotatorConfidence>
<label value="Nodule Attenuation"></label>
<comment></comment>
</ImagingObservationCharacteristic>
<ImagingObservationCharacteristic>
<typeCode code="RID5801" codeSystemName="RadLex.3.10" codeSystemVersion="">
<iso:displayName value="lobulated" xmlns:iso="uri:iso.org:21090"></iso:displayName>
</typeCode>
<annotatorConfidence value="0.0"></annotatorConfidence>
<label value="Nodule Margins-Primary Pattern"></label>
<comment></comment>
</ImagingObservationCharacteristic>
<ImagingObservationCharacteristic>
<typeCode code="RID5809" codeSystemName="RadLex" codeSystemVersion="">
<iso:displayName value="irregular" xmlns:iso="uri:iso.org:21090"></iso:displayName>
</typeCode>
<annotatorConfidence value="0.0"></annotatorConfidence>
<label value="Nodule Margins-Secondary Pattern"></label>
<comment></comment>
</ImagingObservationCharacteristic>
<ImagingObservationCharacteristic>
<typeCode code="RID5757" codeSystemName="RadLex" codeSystemVersion="">
<iso:displayName value="complex" xmlns:iso="uri:iso.org:21090"></iso:displayName>
</typeCode>
<annotatorConfidence value="0.0"></annotatorConfidence>
<label value="Nodule Shape"></label>
<comment></comment>
</ImagingObservationCharacteristic>
<ImagingObservationCharacteristic>
<typeCode code="RID28454" codeSystemName="RadLex" codeSystemVersion="">
<iso:displayName value="none" xmlns:iso="uri:iso.org:21090"></iso:displayName>
</typeCode>
<annotatorConfidence value="0.0"></annotatorConfidence>
<label value="Nodule Calcification"></label>
<comment></comment>
</ImagingObservationCharacteristic>
<ImagingObservationCharacteristic>
<typeCode code="RID46052" codeSystemName="RadLex.3.10" codeSystemVersion="">
<iso:displayName value="attachment to vessel" xmlns:iso="uri:iso.org:21090"></iso:displayName>
</typeCode>
<annotatorConfidence value="0.0"></annotatorConfidence>
<label value="Nodule Associated Findings"></label>
<comment></comment>
</ImagingObservationCharacteristic>
<ImagingObservationCharacteristic>
<typeCode code="RID13173" codeSystemName="RadLex3.10_NS" codeSystemVersion="">
<iso:displayName value="normal" xmlns:iso="uri:iso.org:21090"></iso:displayName>
</typeCode>
<annotatorConfidence value="0.0"></annotatorConfidence>
<label value="Nodule Periphery"></label>
<comment></comment>
</ImagingObservationCharacteristic>
<ImagingObservationCharacteristic>
<typeCode code="RID5741" codeSystemName="RadLex3.10_NS" codeSystemVersion="">
<iso:displayName value="solid" xmlns:iso="uri:iso.org:21090"></iso:displayName>
</typeCode>
<annotatorConfidence value="0.0"></annotatorConfidence>
<label value="Satellite Nodules in Primary Lesion Lobe (greater than 4mm noncalcified)"></label>
<comment></comment>
</ImagingObservationCharacteristic>
<ImagingObservationCharacteristic>
<typeCode code="RID28473" codeSystemName="RadLex3.10_NS" codeSystemVersion="">
<iso:displayName value="absent" xmlns:iso="uri:iso.org:21090"></iso:displayName>
</typeCode>
<annotatorConfidence value="0.0"></annotatorConfidence>
<label value="Nodules in Non-Lesion Lobe Same Lung (greater than 4mm noncalcified)"></label>
<comment></comment>
</ImagingObservationCharacteristic>
<ImagingObservationCharacteristic>
<typeCode code="RID28473" codeSystemName="RadLex3.10_NS" codeSystemVersion="">
<iso:displayName value="absent" xmlns:iso="uri:iso.org:21090"></iso:displayName>
</typeCode>
<annotatorConfidence value="0.0"></annotatorConfidence>
<label value="Nodules in Contralateral Lung (gretater than 4mm noncalcified)"></label>
<comment></comment>
</ImagingObservationCharacteristic>
<ImagingObservationCharacteristic>
<typeCode code="RID28473" codeSystemName="RadLex3.10_NS" codeSystemVersion="">
<iso:displayName value="absent" xmlns:iso="uri:iso.org:21090"></iso:displayName>
</typeCode>
<annotatorConfidence value="0.0"></annotatorConfidence>
<label value="Centrilobular Nodules - Diffuse (RB type nodules)"></label>
<comment></comment>
</ImagingObservationCharacteristic>
<ImagingObservationCharacteristic>
<typeCode code="RID28473" codeSystemName="RadLex3.10_NS" codeSystemVersion="">
<iso:displayName value="absent" xmlns:iso="uri:iso.org:21090"></iso:displayName>
</typeCode>
<annotatorConfidence value="0.0"></annotatorConfidence>
<label value="Emphysema"></label>
<comment></comment>
</ImagingObservationCharacteristic>
<ImagingObservationCharacteristic>
<typeCode code="RID46026" codeSystemName="RadLex3.10_NS" codeSystemVersion="">
<iso:displayName value="airway abnormality" xmlns:iso="uri:iso.org:21090"></iso:displayName>
</typeCode>
<annotatorConfidence value="0.0"></annotatorConfidence>
<label value="Lung Parencyma Features"></label>
<comment></comment>
</ImagingObservationCharacteristic>
<ImagingObservationCharacteristic>
<typeCode code="RID46027" codeSystemName="RadLex3.10_NS" codeSystemVersion="">
<iso:displayName value="bronchial wall thickening" xmlns:iso="uri:iso.org:21090"></iso:displayName>
</typeCode>
<annotatorConfidence value="0.0"></annotatorConfidence>
<label value="Lung Parencyma Features"></label>
<comment></comment>
</ImagingObservationCharacteristic>
<ImagingObservationCharacteristic>
<typeCode code="RID28473" codeSystemName="RadLex3.10_NS" codeSystemVersion="">
<iso:displayName value="absent" xmlns:iso="uri:iso.org:21090"></iso:displayName>
</typeCode>
<annotatorConfidence value="0.0"></annotatorConfidence>
<label value="Fibrosis"></label>
<comment></comment>
</ImagingObservationCharacteristic>
</imagingObservationCharacteristicCollection>
</ImagingObservationEntity>
</imagingObservationEntityCollection>
<markupEntityCollection>
<MarkupEntity xsi:type="TwoDimensionCircle">
<uniqueIdentifier root="znbsy5hbdjuu5wv2l2mp5nl91w3rodc5jueyq873"></uniqueIdentifier>
<shapeIdentifier value="0"></shapeIdentifier>
<includeFlag value="true"></includeFlag>
<lineColor value=""></lineColor>
<lineOpacity value=""></lineOpacity>
<lineStyle value=""></lineStyle>
<lineThickness value=""></lineThickness>
<imageReferenceUid root="1.3.6.1.4.1.14519.5.2.1.4334.1501.215999581440689932803466401577"></imageReferenceUid>
<referencedFrameNumber value="40"></referencedFrameNumber>
<twoDimensionSpatialCoordinateCollection>
<TwoDimensionSpatialCoordinate>
<coordinateIndex value="0"></coordinateIndex>
<x value="128.68449197860963"></x>
<y value="279.27272727272725"></y>
</TwoDimensionSpatialCoordinate>
<TwoDimensionSpatialCoordinate>
<coordinateIndex value="1"></coordinateIndex>
<x value="132.51764705882354"></x>
<y value="283.6534759358289"></y>
</TwoDimensionSpatialCoordinate>
</twoDimensionSpatialCoordinateCollection>
</MarkupEntity>
</markupEntityCollection>
<imageReferenceEntityCollection>
<ImageReferenceEntity xsi:type="DicomImageReferenceEntity">
<uniqueIdentifier root="2.25.220732404146213425176263808615344956252"></uniqueIdentifier>
<imageStudy>
<instanceUid root="1.3.6.1.4.1.14519.5.2.1.4334.1501.240612303874543776836123737004"></instanceUid>
<startDate value="19930923133013"></startDate>
<startTime value="13:30:13"></startTime>
<imageSeries>
<instanceUid root="1.3.6.1.4.1.14519.5.2.1.4334.1501.297478488420296422094947251745"></instanceUid>
<modality code="99EPADM0" codeSystemName="99EPAD">
<iso:displayName value="NA" xmlns:iso="uri:iso.org:21090"></iso:displayName>
</modality>
<imageCollection>
<Image>
<sopClassUid root=""></sopClassUid>
<sopInstanceUid root="1.3.6.1.4.1.14519.5.2.1.4334.1501.215999581440689932803466401577"></sopInstanceUid>
</Image>
</imageCollection>
</imageSeries>
</imageStudy>
</ImageReferenceEntity>
</imageReferenceEntityCollection>
</ImageAnnotation>
</imageAnnotations>
</ImageAnnotationCollection>