<?xml version="1.0" encoding="UTF-8"?>
<ImageAnnotationCollection aimVersion="AIMv4_0" xmlns="gme://caCORE.caCORE/4.4/edu.northwestern.radiology.AIM" xmlns:rdf="http://www.w3.org/1999/02/22-rdf-syntax-ns#" xmlns:xsi="http://www.w3.org/2001/XMLSchema-instance" xsi:schemaLocation="gme://caCORE.caCORE/4.4/edu.northwestern.radiology.AIM AIM_v4_rv44_XML.xsd">
<uniqueIdentifier root="p5ut2bixd91yqlblidd8audns6ntjrq65l9a1sj6"></uniqueIdentifier>
<dateTime value="20140513165522"></dateTime>
<user>
<name value="anonymized"></name>
<loginName value="anonymized"></loginName>
<roleInTrial></roleInTrial>
</user>
<equipment>
<manufacturerName value="GE MEDICAL SYSTEMS"></manufacturerName>
<manufacturerModelName value="Discovery CT750 HD"></manufacturerModelName>
<softwareVersion value="gsi_mict_plus.145"></softwareVersion>
</equipment>
<person>
<name value="anonymized"></name>
<id value="R01-154"></id>
<birthDate value=""></birthDate>
<sex value="M"></sex>
<ethnicGroup></ethnicGroup>
</person>
<imageAnnotations>
<ImageAnnotation>
<uniqueIdentifier root="2.25.159376186125060938538015664306543597757"></uniqueIdentifier>
<typeCode code="LT1" codeSystemName="Lung Template">
<iso:displayName value="Lung Template" xmlns:iso="uri:iso.org:21090"></iso:displayName>
</typeCode>
<dateTime value="20140513165522"></dateTime>
<name value="Lesion1~sp1~-~sp1~-1~sp1~#FFFFFF"></name>
<comment value="CT / THIN LUNG WINDOW / 119"></comment>
<imagingPhysicalEntityCollection>
<ImagingPhysicalEntity>
<uniqueIdentifier root="2.25.233813495421574236410233158264310773446"></uniqueIdentifier>
<typeCode code="RID1338" codeSystemName="RadLex_3.9.1" codeSystemVersion="">
<iso:displayName value="lower lobe of left lung" xmlns:iso="uri:iso.org:21090"></iso:displayName>
</typeCode>
<annotatorConfidence value="0.0"></annotatorConfidence>
<label value="Anatomic Location"></label>
</ImagingPhysicalEntity>
</imagingPhysicalEntityCollection>
<imagingObservationEntityCollection>
<ImagingObservationEntity>
<uniqueIdentifier root="2.25.166937439865750003438761010650803368685"></uniqueIdentifier>
<typeCode code="RID39056" codeSystemName="RadLex3.8" codeSystemVersion="">
<iso:displayName value=" lung mass" xmlns:iso="uri:iso.org:21090"></iso:displayName>
</typeCode>
<annotatorConfidence value="0.0"></annotatorConfidence>
<label value="Lung Nodule"></label>
<comment></comment>
</ImagingObservationEntity>
<ImagingObservationEntity>
<uniqueIdentifier root="2.25.198661207759763246293946844650695672519"></uniqueIdentifier>
<typeCode code="RID39056" codeSystemName="RadLex3.8" codeSystemVersion="">
<iso:displayName value=" lung mass" xmlns:iso="uri:iso.org:21090"></iso:displayName>
</typeCode>
<annotatorConfidence value="0.0"></annotatorConfidence>
<label value="Lung Nodule"></label>
<comment></comment>
<imagingObservationCharacteristicCollection>
<ImagingObservationCharacteristic>
<typeCode code="RID5828" codeSystemName="RadLex_3.9.1" codeSystemVersion="">
<iso:displayName value="peripheral" xmlns:iso="uri:iso.org:21090"></iso:displayName>
</typeCode>
<annotatorConfidence value="0.0"></annotatorConfidence>
<label value="Axial Location"></label>
<comment></comment>
</ImagingObservationCharacteristic>
<ImagingObservationCharacteristic>
<typeCode code="RID5741" codeSystemName="RadLex.3.10" codeSystemVersion="">
<iso:displayName value="solid" xmlns:iso="uri:iso.org:21090"></iso:displayName>
</typeCode>
<annotatorConfidence value="0.0"></annotatorConfidence>
<label value="Nodule Attenuation"></label>
<comment></comment>
</ImagingObservationCharacteristic>
<ImagingObservationCharacteristic>
<typeCode code="RID5801" codeSystemName="RadLex.3.10" codeSystemVersion="">
<iso:displayName value="lobulated" xmlns:iso="uri:iso.org:21090"></iso:displayName>
</typeCode>
<annotatorConfidence value="0.0"></annotatorConfidence>
<label value="Nodule Margins-Primary Pattern"></label>
<comment></comment>
</ImagingObservationCharacteristic>
<ImagingObservationCharacteristic>
<typeCode code="RID5809" codeSystemName="RadLex" codeSystemVersion="">
<iso:displayName value="irregular" xmlns:iso="uri:iso.org:21090"></iso:displayName>
</typeCode>
<annotatorConfidence value="0.0"></annotatorConfidence>
<label value="Nodule Margins-Secondary Pattern"></label>
<comment></comment>
</ImagingObservationCharacteristic>
<ImagingObservationCharacteristic>
<typeCode code="RID5757" codeSystemName="RadLex" codeSystemVersion="">
<iso:displayName value="complex" xmlns:iso="uri:iso.org:21090"></iso:displayName>
</typeCode>
<annotatorConfidence value="0.0"></annotatorConfidence>
<label value="Nodule Shape"></label>
<comment></comment>
</ImagingObservationCharacteristic>
<ImagingObservationCharacteristic>
<typeCode code="RID28454" codeSystemName="RadLex" codeSystemVersion="">
<iso:displayName value="none" xmlns:iso="uri:iso.org:21090"></iso:displayName>
</typeCode>
<annotatorConfidence value="0.0"></annotatorConfidence>
<label value="Nodule Calcification"></label>
<comment></comment>
</ImagingObservationCharacteristic>
<ImagingObservationCharacteristic>
<typeCode code="RID46018" codeSystemName="RadLex.3.10" codeSystemVersion="">
<iso:displayName value="attachment to pleura" xmlns:iso="uri:iso.org:21090"></iso:displayName>
</typeCode>
<annotatorConfidence value="0.0"></annotatorConfidence>
<label value="Nodule Associated Findings"></label>
<comment></comment>
</ImagingObservationCharacteristic>
<ImagingObservationCharacteristic>
<typeCode code="RID46052" codeSystemName="RadLex.3.10" codeSystemVersion="">
<iso:displayName value="attachment to vessel" xmlns:iso="uri:iso.org:21090"></iso:displayName>
</typeCode>
<annotatorConfidence value="0.0"></annotatorConfidence>
<label value="Nodule Associated Findings"></label>
<comment></comment>
</ImagingObservationCharacteristic>
<ImagingObservationCharacteristic>
<typeCode code="RID46035" codeSystemName="RadLex.3.10" codeSystemVersion="">
<iso:displayName value="entering airway" xmlns:iso="uri:iso.org:21090"></iso:displayName>
</typeCode>
<annotatorConfidence value="0.0"></annotatorConfidence>
<label value="Nodule Associated Findings"></label>
<comment></comment>
</ImagingObservationCharacteristic>
<ImagingObservationCharacteristic>
<typeCode code="RID46036" codeSystemName="RadLex.3.10" codeSystemVersion="">
<iso:displayName value="vascular convergence" xmlns:iso="uri:iso.org:21090"></iso:displayName>
</typeCode>
<annotatorConfidence value="0.0"></annotatorConfidence>
<label value="Nodule Associated Findings"></label>
<comment></comment>
</ImagingObservationCharacteristic>
<ImagingObservationCharacteristic>
<typeCode code="RID13173" codeSystemName="RadLex3.10_NS" codeSystemVersion="">
<iso:displayName value="normal" xmlns:iso="uri:iso.org:21090"></iso:displayName>
</typeCode>
<annotatorConfidence value="0.0"></annotatorConfidence>
<label value="Nodule Periphery"></label>
<comment></comment>
</ImagingObservationCharacteristic>
<ImagingObservationCharacteristic>
<typeCode code="RID5741" codeSystemName="RadLex3.10_NS" codeSystemVersion="">
<iso:displayName value="solid" xmlns:iso="uri:iso.org:21090"></iso:displayName>
</typeCode>
<annotatorConfidence value="0.0"></annotatorConfidence>
<label value="Satellite Nodules in Primary Lesion Lobe (greater than 4mm noncalcified)"></label>
<comment></comment>
</ImagingObservationCharacteristic>
<ImagingObservationCharacteristic>
<typeCode code="RID5741" codeSystemName="RadLex3.10_NS" codeSystemVersion="">
<iso:displayName value="solid" xmlns:iso="uri:iso.org:21090"></iso:displayName>
</typeCode>
<annotatorConfidence value="0.0"></annotatorConfidence>
<label value="Nodules in Non-Lesion Lobe Same Lung (greater than 4mm noncalcified)"></label>
<comment></comment>
</ImagingObservationCharacteristic>
<ImagingObservationCharacteristic>
<typeCode code="RID5741" codeSystemName="RadLex3.10_NS" codeSystemVersion="">
<iso:displayName value="solid" xmlns:iso="uri:iso.org:21090"></iso:displayName>
</typeCode>
<annotatorConfidence value="0.0"></annotatorConfidence>
<label value="Nodules in Contralateral Lung (gretater than 4mm noncalcified)"></label>
<comment></comment>
</ImagingObservationCharacteristic>
<ImagingObservationCharacteristic>
<typeCode code="RID28473" codeSystemName="RadLex3.10_NS" codeSystemVersion="">
<iso:displayName value="absent" xmlns:iso="uri:iso.org:21090"></iso:displayName>
</typeCode>
<annotatorConfidence value="0.0"></annotatorConfidence>
<label value="Centrilobular Nodules - Diffuse (RB type nodules)"></label>
<comment></comment>
</ImagingObservationCharacteristic>
<ImagingObservationCharacteristic>
<typeCode code="RID28473" codeSystemName="RadLex3.10_NS" codeSystemVersion="">
<iso:displayName value="absent" xmlns:iso="uri:iso.org:21090"></iso:displayName>
</typeCode>
<annotatorConfidence value="0.0"></annotatorConfidence>
<label value="Emphysema"></label>
<comment></comment>
</ImagingObservationCharacteristic>
<ImagingObservationCharacteristic>
<typeCode code="RID46026" codeSystemName="RadLex3.10_NS" codeSystemVersion="">
<iso:displayName value="airway abnormality" xmlns:iso="uri:iso.org:21090"></iso:displayName>
</typeCode>
<annotatorConfidence value="0.0"></annotatorConfidence>
<label value="Lung Parencyma Features"></label>
<comment></comment>
</ImagingObservationCharacteristic>
<ImagingObservationCharacteristic>
<typeCode code="RID46028" codeSystemName="RadLex3.10_NS" codeSystemVersion="">
<iso:displayName value="airway ectasia" xmlns:iso="uri:iso.org:21090"></iso:displayName>
</typeCode>
<annotatorConfidence value="0.0"></annotatorConfidence>
<label value="Lung Parencyma Features"></label>
<comment></comment>
</ImagingObservationCharacteristic>
<ImagingObservationCharacteristic>
<typeCode code="RID46037" codeSystemName="RadLex3.10_NS" codeSystemVersion="">
<iso:displayName value="bronchiolar prominence" xmlns:iso="uri:iso.org:21090"></iso:displayName>
</typeCode>
<annotatorConfidence value="0.0"></annotatorConfidence>
<label value="Lung Parencyma Features"></label>
<comment></comment>
</ImagingObservationCharacteristic>
<ImagingObservationCharacteristic>
<typeCode code="RID28473" codeSystemName="RadLex3.10_NS" codeSystemVersion="">
<iso:displayName value="absent" xmlns:iso="uri:iso.org:21090"></iso:displayName>
</typeCode>
<annotatorConfidence value="0.0"></annotatorConfidence>
<label value="Fibrosis"></label>
<comment></comment>
</ImagingObservationCharacteristic>
</imagingObservationCharacteristicCollection>
</ImagingObservationEntity>
</imagingObservationEntityCollection>
<markupEntityCollection>
<MarkupEntity xsi:type="TwoDimensionCircle">
<uniqueIdentifier root="invsv9fs4aoxfg2fbp2p1y06a8xov3f83l6a7oht"></uniqueIdentifier>
<shapeIdentifier value="0"></shapeIdentifier>
<includeFlag value="true"></includeFlag>
<lineColor value=""></lineColor>
<lineOpacity value=""></lineOpacity>
<lineStyle value=""></lineStyle>
<lineThickness value=""></lineThickness>
<imageReferenceUid root="1.3.6.1.4.1.14519.5.2.1.4334.1501.166188713721395266069366573732"></imageReferenceUid>
<referencedFrameNumber value="119"></referencedFrameNumber>
<twoDimensionSpatialCoordinateCollection>
<TwoDimensionSpatialCoordinate>
<coordinateIndex value="0"></coordinateIndex>
<x value="374.3208520207441"></x>
<y value="340.3531433066549"></y>
</TwoDimensionSpatialCoordinate>
<TwoDimensionSpatialCoordinate>
<coordinateIndex value="1"></coordinateIndex>
<x value="376.5853659350167"></x>
<y value="342.6176572209275"></y>
</TwoDimensionSpatialCoordinate>
</twoDimensionSpatialCoordinateCollection>
</MarkupEntity>
</markupEntityCollection>
<imageReferenceEntityCollection>
<ImageReferenceEntity xsi:type="DicomImageReferenceEntity">
<uniqueIdentifier root="2.25.329062590281148337863751931651180183260"></uniqueIdentifier>
<imageStudy>
<instanceUid root="1.3.6.1.4.1.14519.5.2.1.4334.1501.905674893478539572581220286800"></instanceUid>
<startDate value="19940520110200"></startDate>
<startTime value="11:02:00"></startTime>
<imageSeries>
<instanceUid root="1.3.6.1.4.1.14519.5.2.1.4334.1501.114643065312412133209028947757"></instanceUid>
<modality code="99EPADM0" codeSystemName="99EPAD">
<iso:displayName value="NA" xmlns:iso="uri:iso.org:21090"></iso:displayName>
</modality>
<imageCollection>
<Image>
<sopClassUid root=""></sopClassUid>
<sopInstanceUid root="1.3.6.1.4.1.14519.5.2.1.4334.1501.166188713721395266069366573732"></sopInstanceUid>
</Image>
</imageCollection>
</imageSeries>
</imageStudy>
</ImageReferenceEntity>
</imageReferenceEntityCollection>
</ImageAnnotation>
</imageAnnotations>
</ImageAnnotationCollection>