<?xml version="1.0" encoding="UTF-8"?>
<ImageAnnotationCollection aimVersion="AIMv4_0" xmlns="gme://caCORE.caCORE/4.4/edu.northwestern.radiology.AIM" xmlns:rdf="http://www.w3.org/1999/02/22-rdf-syntax-ns#" xmlns:xsi="http://www.w3.org/2001/XMLSchema-instance" xsi:schemaLocation="gme://caCORE.caCORE/4.4/edu.northwestern.radiology.AIM AIM_v4_rv44_XML.xsd">
<uniqueIdentifier root="p7wjhy4xtz7m7t1i9lpyyomf7quxmku74foyf422"></uniqueIdentifier>
<dateTime value="20140521113341"></dateTime>
<user>
<name value="anonymized"></name>
<loginName value="anonymized"></loginName>
<roleInTrial></roleInTrial>
</user>
<equipment>
<manufacturerName value="GE MEDICAL SYSTEMS"></manufacturerName>
<manufacturerModelName value="LightSpeed VCT"></manufacturerModelName>
<softwareVersion value=""></softwareVersion>
</equipment>
<person>
<name value="anonymized"></name>
<id value="R01-044"></id>
<birthDate value=""></birthDate>
<sex value="M"></sex>
<ethnicGroup></ethnicGroup>
</person>
<imageAnnotations>
<ImageAnnotation>
<uniqueIdentifier root="2.25.153115019825390244555141661172407804073"></uniqueIdentifier>
<typeCode code="LT1" codeSystemName="Lung Template">
<iso:displayName value="Lung Template" xmlns:iso="uri:iso.org:21090"></iso:displayName>
</typeCode>
<dateTime value="20140521113341"></dateTime>
<name value="Lesion1~sp1~-~sp1~-1~sp1~#FFFFFF"></name>
<comment value="CT / CT THICK AXIALS 2.5MM / 30"></comment>
<imagingPhysicalEntityCollection>
<ImagingPhysicalEntity>
<uniqueIdentifier root="2.25.270425502243615832714420023234868835058"></uniqueIdentifier>
<typeCode code="RID1303" codeSystemName="RadLex" codeSystemVersion="">
<iso:displayName value="upper lobe of right lung" xmlns:iso="uri:iso.org:21090"></iso:displayName>
</typeCode>
<annotatorConfidence value="0.0"></annotatorConfidence>
<label value="Anatomic Location"></label>
</ImagingPhysicalEntity>
</imagingPhysicalEntityCollection>
<imagingObservationEntityCollection>
<ImagingObservationEntity>
<uniqueIdentifier root="2.25.183481331097778468598204176532143318195"></uniqueIdentifier>
<typeCode code="RID39056" codeSystemName="RadLex3.8" codeSystemVersion="">
<iso:displayName value=" lung mass" xmlns:iso="uri:iso.org:21090"></iso:displayName>
</typeCode>
<annotatorConfidence value="0.0"></annotatorConfidence>
<label value="Lung Nodule"></label>
<comment></comment>
<imagingObservationCharacteristicCollection>
<ImagingObservationCharacteristic>
<typeCode code="RID5828" codeSystemName="RadLex_3.9.1" codeSystemVersion="">
<iso:displayName value="peripheral" xmlns:iso="uri:iso.org:21090"></iso:displayName>
</typeCode>
<annotatorConfidence value="0.0"></annotatorConfidence>
<label value="Axial Location"></label>
<comment></comment>
</ImagingObservationCharacteristic>
<ImagingObservationCharacteristic>
<typeCode code="RID46011" codeSystemName="RadLex.3.10" codeSystemVersion="">
<iso:displayName value="partially solid" xmlns:iso="uri:iso.org:21090"></iso:displayName>
</typeCode>
<typeCode code="LT3" codeSystemName="LungTemplate" codeSystemVersion="">
<iso:displayName value="Solid greaterThan 5mm" xmlns:iso="uri:iso.org:21090"></iso:displayName>
</typeCode>
<annotatorConfidence value="0.0"></annotatorConfidence>
<label value="Nodule Attenuation"></label>
<comment></comment>
</ImagingObservationCharacteristic>
<ImagingObservationCharacteristic>
<typeCode code="RID34284" codeSystemName="RadLex" codeSystemVersion="">
<iso:displayName value="spiculated" xmlns:iso="uri:iso.org:21090"></iso:displayName>
</typeCode>
<annotatorConfidence value="0.0"></annotatorConfidence>
<label value="Nodule Margins-Primary Pattern"></label>
<comment></comment>
</ImagingObservationCharacteristic>
<ImagingObservationCharacteristic>
<typeCode code="RID34283" codeSystemName="RadLex.3.10" codeSystemVersion="">
<iso:displayName value="poorly defined" xmlns:iso="uri:iso.org:21090"></iso:displayName>
</typeCode>
<annotatorConfidence value="0.0"></annotatorConfidence>
<label value="Nodule Margins-Secondary Pattern"></label>
<comment></comment>
</ImagingObservationCharacteristic>
<ImagingObservationCharacteristic>
<typeCode code="RID5757" codeSystemName="RadLex" codeSystemVersion="">
<iso:displayName value="complex" xmlns:iso="uri:iso.org:21090"></iso:displayName>
</typeCode>
<annotatorConfidence value="0.0"></annotatorConfidence>
<label value="Nodule Shape"></label>
<comment></comment>
</ImagingObservationCharacteristic>
<ImagingObservationCharacteristic>
<typeCode code="RID28454" codeSystemName="RadLex" codeSystemVersion="">
<iso:displayName value="none" xmlns:iso="uri:iso.org:21090"></iso:displayName>
</typeCode>
<annotatorConfidence value="0.0"></annotatorConfidence>
<label value="Nodule Calcification"></label>
<comment></comment>
</ImagingObservationCharacteristic>
<ImagingObservationCharacteristic>
<typeCode code="RID46052" codeSystemName="RadLex.3.10" codeSystemVersion="">
<iso:displayName value="attachment to vessel" xmlns:iso="uri:iso.org:21090"></iso:displayName>
</typeCode>
<annotatorConfidence value="0.0"></annotatorConfidence>
<label value="Nodule Associated Findings"></label>
<comment></comment>
</ImagingObservationCharacteristic>
<ImagingObservationCharacteristic>
<typeCode code="RID46034" codeSystemName="RadLex.3.10" codeSystemVersion="">
<iso:displayName value="pleural retraction" xmlns:iso="uri:iso.org:21090"></iso:displayName>
</typeCode>
<annotatorConfidence value="0.0"></annotatorConfidence>
<label value="Nodule Associated Findings"></label>
<comment></comment>
</ImagingObservationCharacteristic>
<ImagingObservationCharacteristic>
<typeCode code="RID46035" codeSystemName="RadLex.3.10" codeSystemVersion="">
<iso:displayName value="entering airway" xmlns:iso="uri:iso.org:21090"></iso:displayName>
</typeCode>
<annotatorConfidence value="0.0"></annotatorConfidence>
<label value="Nodule Associated Findings"></label>
<comment></comment>
</ImagingObservationCharacteristic>
<ImagingObservationCharacteristic>
<typeCode code="RID13173" codeSystemName="RadLex3.10_NS" codeSystemVersion="">
<iso:displayName value="normal" xmlns:iso="uri:iso.org:21090"></iso:displayName>
</typeCode>
<annotatorConfidence value="0.0"></annotatorConfidence>
<label value="Nodule Periphery"></label>
<comment></comment>
</ImagingObservationCharacteristic>
<ImagingObservationCharacteristic>
<typeCode code="RID28473" codeSystemName="RadLex3.10_NS" codeSystemVersion="">
<iso:displayName value="absent" xmlns:iso="uri:iso.org:21090"></iso:displayName>
</typeCode>
<annotatorConfidence value="0.0"></annotatorConfidence>
<label value="Satellite Nodules in Primary Lesion Lobe (greater than 4mm noncalcified)"></label>
<comment></comment>
</ImagingObservationCharacteristic>
<ImagingObservationCharacteristic>
<typeCode code="RID28473" codeSystemName="RadLex3.10_NS" codeSystemVersion="">
<iso:displayName value="absent" xmlns:iso="uri:iso.org:21090"></iso:displayName>
</typeCode>
<annotatorConfidence value="0.0"></annotatorConfidence>
<label value="Nodules in Non-Lesion Lobe Same Lung (greater than 4mm noncalcified)"></label>
<comment></comment>
</ImagingObservationCharacteristic>
<ImagingObservationCharacteristic>
<typeCode code="RID28473" codeSystemName="RadLex3.10_NS" codeSystemVersion="">
<iso:displayName value="absent" xmlns:iso="uri:iso.org:21090"></iso:displayName>
</typeCode>
<annotatorConfidence value="0.0"></annotatorConfidence>
<label value="Nodules in Contralateral Lung (gretater than 4mm noncalcified)"></label>
<comment></comment>
</ImagingObservationCharacteristic>
<ImagingObservationCharacteristic>
<typeCode code="RID28473" codeSystemName="RadLex3.10_NS" codeSystemVersion="">
<iso:displayName value="absent" xmlns:iso="uri:iso.org:21090"></iso:displayName>
</typeCode>
<annotatorConfidence value="0.0"></annotatorConfidence>
<label value="Centrilobular Nodules - Diffuse (RB type nodules)"></label>
<comment></comment>
</ImagingObservationCharacteristic>
<ImagingObservationCharacteristic>
<typeCode code="RID28472" codeSystemName="RadLex3.10_NS" codeSystemVersion="">
<iso:displayName value="present" xmlns:iso="uri:iso.org:21090"></iso:displayName>
</typeCode>
<annotatorConfidence value="0.0"></annotatorConfidence>
<label value="Emphysema"></label>
<comment></comment>
</ImagingObservationCharacteristic>
<ImagingObservationCharacteristic>
<typeCode code="RID46024" codeSystemName="RadLex3.10_NS" codeSystemVersion="">
<iso:displayName value="paraseptal" xmlns:iso="uri:iso.org:21090"></iso:displayName>
</typeCode>
<annotatorConfidence value="0.0"></annotatorConfidence>
<label value="Primary Emphysema Pattern"></label>
<comment></comment>
</ImagingObservationCharacteristic>
<ImagingObservationCharacteristic>
<typeCode code="T28" codeSystemName="LungTemplate" codeSystemVersion="">
<iso:displayName value="upper predominant" xmlns:iso="uri:iso.org:21090"></iso:displayName>
</typeCode>
<annotatorConfidence value="0.0"></annotatorConfidence>
<label value="Primary Distribution"></label>
<comment></comment>
</ImagingObservationCharacteristic>
<ImagingObservationCharacteristic>
<typeCode code="RID5770" codeSystemName="RadLex3.10_NS" codeSystemVersion="">
<iso:displayName value="both" xmlns:iso="uri:iso.org:21090"></iso:displayName>
</typeCode>
<annotatorConfidence value="0.0"></annotatorConfidence>
<label value="Primary Emphysema Laterality"></label>
<comment></comment>
</ImagingObservationCharacteristic>
<ImagingObservationCharacteristic>
<typeCode code="RID46056" codeSystemName="RadLex3.10_NS" codeSystemVersion="">
<iso:displayName value="not applicable" xmlns:iso="uri:iso.org:21090"></iso:displayName>
</typeCode>
<annotatorConfidence value="0.0"></annotatorConfidence>
<label value="Secondary Emmphysema Pattern"></label>
<comment></comment>
</ImagingObservationCharacteristic>
<ImagingObservationCharacteristic>
<typeCode code="T36" codeSystemName="LungTemplate" codeSystemVersion="">
<iso:displayName value="low severity (1-25%)" xmlns:iso="uri:iso.org:21090"></iso:displayName>
</typeCode>
<annotatorConfidence value="0.0"></annotatorConfidence>
<label value="Overall Emmphysema Severity"></label>
<comment></comment>
</ImagingObservationCharacteristic>
<ImagingObservationCharacteristic>
<typeCode code="RID46026" codeSystemName="RadLex3.10_NS" codeSystemVersion="">
<iso:displayName value="airway abnormality" xmlns:iso="uri:iso.org:21090"></iso:displayName>
</typeCode>
<annotatorConfidence value="0.0"></annotatorConfidence>
<label value="Lung Parencyma Features"></label>
<comment></comment>
</ImagingObservationCharacteristic>
<ImagingObservationCharacteristic>
<typeCode code="RID46027" codeSystemName="RadLex3.10_NS" codeSystemVersion="">
<iso:displayName value="bronchial wall thickening" xmlns:iso="uri:iso.org:21090"></iso:displayName>
</typeCode>
<annotatorConfidence value="0.0"></annotatorConfidence>
<label value="Lung Parencyma Features"></label>
<comment></comment>
</ImagingObservationCharacteristic>
<ImagingObservationCharacteristic>
<typeCode code="RID28473" codeSystemName="RadLex3.10_NS" codeSystemVersion="">
<iso:displayName value="absent" xmlns:iso="uri:iso.org:21090"></iso:displayName>
</typeCode>
<annotatorConfidence value="0.0"></annotatorConfidence>
<label value="Fibrosis"></label>
<comment></comment>
</ImagingObservationCharacteristic>
</imagingObservationCharacteristicCollection>
</ImagingObservationEntity>
</imagingObservationEntityCollection>
<markupEntityCollection>
<MarkupEntity xsi:type="TwoDimensionCircle">
<uniqueIdentifier root="g8wdja5bugjvglypbw3hn274lcmptlun31czzwj2"></uniqueIdentifier>
<shapeIdentifier value="0"></shapeIdentifier>
<includeFlag value="true"></includeFlag>
<lineColor value=""></lineColor>
<lineOpacity value=""></lineOpacity>
<lineStyle value=""></lineStyle>
<lineThickness value=""></lineThickness>
<imageReferenceUid root="1.3.6.1.4.1.14519.5.2.1.4334.1501.906896985709385256303257496625"></imageReferenceUid>
<referencedFrameNumber value="30"></referencedFrameNumber>
<twoDimensionSpatialCoordinateCollection>
<TwoDimensionSpatialCoordinate>
<coordinateIndex value="0"></coordinateIndex>
<x value="147.6131123338501"></x>
<y value="279.32376063701963"></y>
</TwoDimensionSpatialCoordinate>
<TwoDimensionSpatialCoordinate>
<coordinateIndex value="1"></coordinateIndex>
<x value="149.32809473363093"></x>
<y value="281.3817395167566"></y>
</TwoDimensionSpatialCoordinate>
</twoDimensionSpatialCoordinateCollection>
</MarkupEntity>
</markupEntityCollection>
<imageReferenceEntityCollection>
<ImageReferenceEntity xsi:type="DicomImageReferenceEntity">
<uniqueIdentifier root="2.25.27679916322335794993186305241287453749"></uniqueIdentifier>
<imageStudy>
<instanceUid root="1.3.6.1.4.1.14519.5.2.1.4334.1501.424890396794653184942531059339"></instanceUid>
<startDate value="19921006084224"></startDate>
<startTime value="08:42:24"></startTime>
<imageSeries>
<instanceUid root="1.3.6.1.4.1.14519.5.2.1.4334.1501.137861564599845711151768978695"></instanceUid>
<modality code="99EPADM0" codeSystemName="99EPAD">
<iso:displayName value="NA" xmlns:iso="uri:iso.org:21090"></iso:displayName>
</modality>
<imageCollection>
<Image>
<sopClassUid root=""></sopClassUid>
<sopInstanceUid root="1.3.6.1.4.1.14519.5.2.1.4334.1501.906896985709385256303257496625"></sopInstanceUid>
</Image>
</imageCollection>
</imageSeries>
</imageStudy>
</ImageReferenceEntity>
</imageReferenceEntityCollection>
</ImageAnnotation>
</imageAnnotations>
</ImageAnnotationCollection>