<?xml version="1.0" encoding="UTF-8"?>
<ImageAnnotationCollection aimVersion="AIMv4_0" xmlns="gme://caCORE.caCORE/4.4/edu.northwestern.radiology.AIM" xmlns:rdf="http://www.w3.org/1999/02/22-rdf-syntax-ns#" xmlns:xsi="http://www.w3.org/2001/XMLSchema-instance" xsi:schemaLocation="gme://caCORE.caCORE/4.4/edu.northwestern.radiology.AIM AIM_v4_rv44_XML.xsd">
<uniqueIdentifier root="ennzefsh9sn6rkvmq7ntjovcz9oli8ljgmhei7gw"></uniqueIdentifier>
<dateTime value="20140503094644"></dateTime>
<user>
<name value="anonymized"></name>
<loginName value="anonymized"></loginName>
<roleInTrial></roleInTrial>
</user>
<equipment>
<manufacturerName value=""></manufacturerName>
<manufacturerModelName value=""></manufacturerModelName>
<softwareVersion value="syngo CT 2007S"></softwareVersion>
</equipment>
<person>
<name value="anonymized"></name>
<id value="R01-021"></id>
<birthDate value=""></birthDate>
<sex value="F"></sex>
<ethnicGroup></ethnicGroup>
</person>
<imageAnnotations>
<ImageAnnotation>
<uniqueIdentifier root="2.25.93882160132940638264860639807883420044"></uniqueIdentifier>
<typeCode code="LT1" codeSystemName="Lung Template">
<iso:displayName value="Lung Template" xmlns:iso="uri:iso.org:21090"></iso:displayName>
</typeCode>
<dateTime value="20140503094644"></dateTime>
<name value="Lesion1~sp1~-~sp1~-1~sp1~#FFFFFF"></name>
<comment value="CT / THORAX  1.0  B45F / 100"></comment>
<imagingPhysicalEntityCollection>
<ImagingPhysicalEntity>
<uniqueIdentifier root="2.25.253116235621639526321415738720052311235"></uniqueIdentifier>
<typeCode code="RID1303" codeSystemName="RadLex" codeSystemVersion="">
<iso:displayName value="upper lobe of right lung" xmlns:iso="uri:iso.org:21090"></iso:displayName>
</typeCode>
<annotatorConfidence value="0.0"></annotatorConfidence>
<label value="Anatomic Location"></label>
</ImagingPhysicalEntity>
</imagingPhysicalEntityCollection>
<imagingObservationEntityCollection>
<ImagingObservationEntity>
<uniqueIdentifier root="2.25.228270298447359544104284518634117233454"></uniqueIdentifier>
<typeCode code="RID39056" codeSystemName="RadLex3.8" codeSystemVersion="">
<iso:displayName value=" lung mass" xmlns:iso="uri:iso.org:21090"></iso:displayName>
</typeCode>
<annotatorConfidence value="0.0"></annotatorConfidence>
<label value="Lung Nodule"></label>
<comment></comment>
</ImagingObservationEntity>
<ImagingObservationEntity>
<uniqueIdentifier root="2.25.206690629751203201610558273820398628305"></uniqueIdentifier>
<typeCode code="RID39056" codeSystemName="RadLex3.8" codeSystemVersion="">
<iso:displayName value=" lung mass" xmlns:iso="uri:iso.org:21090"></iso:displayName>
</typeCode>
<annotatorConfidence value="0.0"></annotatorConfidence>
<label value="Lung Nodule"></label>
<comment></comment>
<imagingObservationCharacteristicCollection>
<ImagingObservationCharacteristic>
<typeCode code="RID5828" codeSystemName="RadLex_3.9.1" codeSystemVersion="">
<iso:displayName value="peripheral" xmlns:iso="uri:iso.org:21090"></iso:displayName>
</typeCode>
<annotatorConfidence value="0.0"></annotatorConfidence>
<label value="Axial Location"></label>
<comment></comment>
</ImagingObservationCharacteristic>
<ImagingObservationCharacteristic>
<typeCode code="RID46011" codeSystemName="RadLex.3.10" codeSystemVersion="">
<iso:displayName value="partially solid" xmlns:iso="uri:iso.org:21090"></iso:displayName>
</typeCode>
<typeCode code="LT3" codeSystemName="LungTemplate" codeSystemVersion="">
<iso:displayName value="Solid greaterThan 5mm" xmlns:iso="uri:iso.org:21090"></iso:displayName>
</typeCode>
<annotatorConfidence value="0.0"></annotatorConfidence>
<label value="Nodule Attenuation"></label>
<comment></comment>
</ImagingObservationCharacteristic>
<ImagingObservationCharacteristic>
<typeCode code="RID46015" codeSystemName="RadLex3.9.1" codeSystemVersion="">
<iso:displayName value="internal air bronchogram sign" xmlns:iso="uri:iso.org:21090"></iso:displayName>
</typeCode>
<annotatorConfidence value="0.0"></annotatorConfidence>
<label value="Nodule Internal Features"></label>
<comment></comment>
</ImagingObservationCharacteristic>
<ImagingObservationCharacteristic>
<typeCode code="RID34284" codeSystemName="RadLex" codeSystemVersion="">
<iso:displayName value="spiculated" xmlns:iso="uri:iso.org:21090"></iso:displayName>
</typeCode>
<annotatorConfidence value="0.0"></annotatorConfidence>
<label value="Nodule Margins-Primary Pattern"></label>
<comment></comment>
</ImagingObservationCharacteristic>
<ImagingObservationCharacteristic>
<typeCode code="RID5809" codeSystemName="RadLex" codeSystemVersion="">
<iso:displayName value="irregular" xmlns:iso="uri:iso.org:21090"></iso:displayName>
</typeCode>
<annotatorConfidence value="0.0"></annotatorConfidence>
<label value="Nodule Margins-Secondary Pattern"></label>
<comment></comment>
</ImagingObservationCharacteristic>
<ImagingObservationCharacteristic>
<typeCode code="RID5800" codeSystemName="RadLex" codeSystemVersion="">
<iso:displayName value="oval" xmlns:iso="uri:iso.org:21090"></iso:displayName>
</typeCode>
<annotatorConfidence value="0.0"></annotatorConfidence>
<label value="Nodule Shape"></label>
<comment></comment>
</ImagingObservationCharacteristic>
<ImagingObservationCharacteristic>
<typeCode code="RID28454" codeSystemName="RadLex" codeSystemVersion="">
<iso:displayName value="none" xmlns:iso="uri:iso.org:21090"></iso:displayName>
</typeCode>
<annotatorConfidence value="0.0"></annotatorConfidence>
<label value="Nodule Calcification"></label>
<comment></comment>
</ImagingObservationCharacteristic>
<ImagingObservationCharacteristic>
<typeCode code="RID46018" codeSystemName="RadLex.3.10" codeSystemVersion="">
<iso:displayName value="attachment to pleura" xmlns:iso="uri:iso.org:21090"></iso:displayName>
</typeCode>
<annotatorConfidence value="0.0"></annotatorConfidence>
<label value="Nodule Associated Findings"></label>
<comment></comment>
</ImagingObservationCharacteristic>
<ImagingObservationCharacteristic>
<typeCode code="RID46052" codeSystemName="RadLex.3.10" codeSystemVersion="">
<iso:displayName value="attachment to vessel" xmlns:iso="uri:iso.org:21090"></iso:displayName>
</typeCode>
<annotatorConfidence value="0.0"></annotatorConfidence>
<label value="Nodule Associated Findings"></label>
<comment></comment>
</ImagingObservationCharacteristic>
<ImagingObservationCharacteristic>
<typeCode code="RID46034" codeSystemName="RadLex.3.10" codeSystemVersion="">
<iso:displayName value="pleural retraction" xmlns:iso="uri:iso.org:21090"></iso:displayName>
</typeCode>
<annotatorConfidence value="0.0"></annotatorConfidence>
<label value="Nodule Associated Findings"></label>
<comment></comment>
</ImagingObservationCharacteristic>
<ImagingObservationCharacteristic>
<typeCode code="RID46035" codeSystemName="RadLex.3.10" codeSystemVersion="">
<iso:displayName value="entering airway" xmlns:iso="uri:iso.org:21090"></iso:displayName>
</typeCode>
<annotatorConfidence value="0.0"></annotatorConfidence>
<label value="Nodule Associated Findings"></label>
<comment></comment>
</ImagingObservationCharacteristic>
<ImagingObservationCharacteristic>
<typeCode code="RID46036" codeSystemName="RadLex.3.10" codeSystemVersion="">
<iso:displayName value="vascular convergence" xmlns:iso="uri:iso.org:21090"></iso:displayName>
</typeCode>
<annotatorConfidence value="0.0"></annotatorConfidence>
<label value="Nodule Associated Findings"></label>
<comment></comment>
</ImagingObservationCharacteristic>
<ImagingObservationCharacteristic>
<typeCode code="RID46021" codeSystemName="RadLex.3.10" codeSystemVersion="">
<iso:displayName value="septal thickening" xmlns:iso="uri:iso.org:21090"></iso:displayName>
</typeCode>
<annotatorConfidence value="0.0"></annotatorConfidence>
<label value="Nodule Associated Findings"></label>
<comment></comment>
</ImagingObservationCharacteristic>
<ImagingObservationCharacteristic>
<typeCode code="RID13173" codeSystemName="RadLex3.10_NS" codeSystemVersion="">
<iso:displayName value="normal" xmlns:iso="uri:iso.org:21090"></iso:displayName>
</typeCode>
<annotatorConfidence value="0.0"></annotatorConfidence>
<label value="Nodule Periphery"></label>
<comment></comment>
</ImagingObservationCharacteristic>
<ImagingObservationCharacteristic>
<typeCode code="RID46016" codeSystemName="RadLex3.10_NS" codeSystemVersion="">
<iso:displayName value="non-solid" xmlns:iso="uri:iso.org:21090"></iso:displayName>
</typeCode>
<annotatorConfidence value="0.0"></annotatorConfidence>
<label value="Satellite Nodules in Primary Lesion Lobe (greater than 4mm noncalcified)"></label>
<comment></comment>
</ImagingObservationCharacteristic>
<ImagingObservationCharacteristic>
<typeCode code="RID46016" codeSystemName="RadLex3.10_NS" codeSystemVersion="">
<iso:displayName value="non-solid" xmlns:iso="uri:iso.org:21090"></iso:displayName>
</typeCode>
<annotatorConfidence value="0.0"></annotatorConfidence>
<label value="Nodules in Non-Lesion Lobe Same Lung (greater than 4mm noncalcified)"></label>
<comment></comment>
</ImagingObservationCharacteristic>
<ImagingObservationCharacteristic>
<typeCode code="RID46016" codeSystemName="RadLex3.10_NS" codeSystemVersion="">
<iso:displayName value="non-solid" xmlns:iso="uri:iso.org:21090"></iso:displayName>
</typeCode>
<annotatorConfidence value="0.0"></annotatorConfidence>
<label value="Nodules in Contralateral Lung (gretater than 4mm noncalcified)"></label>
<comment></comment>
</ImagingObservationCharacteristic>
<ImagingObservationCharacteristic>
<typeCode code="RID28473" codeSystemName="RadLex3.10_NS" codeSystemVersion="">
<iso:displayName value="absent" xmlns:iso="uri:iso.org:21090"></iso:displayName>
</typeCode>
<annotatorConfidence value="0.0"></annotatorConfidence>
<label value="Centrilobular Nodules - Diffuse (RB type nodules)"></label>
<comment></comment>
</ImagingObservationCharacteristic>
<ImagingObservationCharacteristic>
<typeCode code="RID28473" codeSystemName="RadLex3.10_NS" codeSystemVersion="">
<iso:displayName value="absent" xmlns:iso="uri:iso.org:21090"></iso:displayName>
</typeCode>
<annotatorConfidence value="0.0"></annotatorConfidence>
<label value="Emphysema"></label>
<comment></comment>
</ImagingObservationCharacteristic>
<ImagingObservationCharacteristic>
<typeCode code="RID46026" codeSystemName="RadLex3.10_NS" codeSystemVersion="">
<iso:displayName value="airway abnormality" xmlns:iso="uri:iso.org:21090"></iso:displayName>
</typeCode>
<annotatorConfidence value="0.0"></annotatorConfidence>
<label value="Lung Parencyma Features"></label>
<comment></comment>
</ImagingObservationCharacteristic>
<ImagingObservationCharacteristic>
<typeCode code="RID28496" codeSystemName="RadLex3.10_NS" codeSystemVersion="">
<iso:displayName value="bronchiectasis" xmlns:iso="uri:iso.org:21090"></iso:displayName>
</typeCode>
<annotatorConfidence value="0.0"></annotatorConfidence>
<label value="Lung Parencyma Features"></label>
<comment></comment>
</ImagingObservationCharacteristic>
<ImagingObservationCharacteristic>
<typeCode code="RID28473" codeSystemName="RadLex3.10_NS" codeSystemVersion="">
<iso:displayName value="absent" xmlns:iso="uri:iso.org:21090"></iso:displayName>
</typeCode>
<annotatorConfidence value="0.0"></annotatorConfidence>
<label value="Fibrosis"></label>
<comment></comment>
</ImagingObservationCharacteristic>
</imagingObservationCharacteristicCollection>
</ImagingObservationEntity>
</imagingObservationEntityCollection>
<markupEntityCollection>
<MarkupEntity xsi:type="TwoDimensionCircle">
<uniqueIdentifier root="mwk8klsppzgsp7zrb91f3zcmsbq8ouuchy1baxrt"></uniqueIdentifier>
<shapeIdentifier value="0"></shapeIdentifier>
<includeFlag value="true"></includeFlag>
<lineColor value=""></lineColor>
<lineOpacity value=""></lineOpacity>
<lineStyle value=""></lineStyle>
<lineThickness value=""></lineThickness>
<imageReferenceUid root="1.3.6.1.4.1.14519.5.2.1.4334.1501.337533725989029121135372581699"></imageReferenceUid>
<referencedFrameNumber value="100"></referencedFrameNumber>
<twoDimensionSpatialCoordinateCollection>
<TwoDimensionSpatialCoordinate>
<coordinateIndex value="0"></coordinateIndex>
<x value="144.9056603773585"></x>
<y value="240.43605870020963"></y>
</TwoDimensionSpatialCoordinate>
<TwoDimensionSpatialCoordinate>
<coordinateIndex value="1"></coordinateIndex>
<x value="147.0524109014675"></x>
<y value="245.2662473794549"></y>
</TwoDimensionSpatialCoordinate>
</twoDimensionSpatialCoordinateCollection>
</MarkupEntity>
</markupEntityCollection>
<imageReferenceEntityCollection>
<ImageReferenceEntity xsi:type="DicomImageReferenceEntity">
<uniqueIdentifier root="2.25.286990824645914675799776715334594646101"></uniqueIdentifier>
<imageStudy>
<instanceUid root="1.3.6.1.4.1.14519.5.2.1.4334.1501.578255530287804526782035325952"></instanceUid>
<startDate value="19901205075812"></startDate>
<startTime value="07:58:12"></startTime>
<imageSeries>
<instanceUid root="1.3.6.1.4.1.14519.5.2.1.4334.1501.307701863726359436164313970158"></instanceUid>
<modality code="99EPADM0" codeSystemName="99EPAD">
<iso:displayName value="NA" xmlns:iso="uri:iso.org:21090"></iso:displayName>
</modality>
<imageCollection>
<Image>
<sopClassUid root=""></sopClassUid>
<sopInstanceUid root="1.3.6.1.4.1.14519.5.2.1.4334.1501.337533725989029121135372581699"></sopInstanceUid>
</Image>
</imageCollection>
</imageSeries>
</imageStudy>
</ImageReferenceEntity>
</imageReferenceEntityCollection>
</ImageAnnotation>
</imageAnnotations>
</ImageAnnotationCollection>