<?xml version="1.0" encoding="UTF-8"?>
<ImageAnnotationCollection aimVersion="AIMv4_0" xmlns="gme://caCORE.caCORE/4.4/edu.northwestern.radiology.AIM" xmlns:rdf="http://www.w3.org/1999/02/22-rdf-syntax-ns#" xmlns:xsi="http://www.w3.org/2001/XMLSchema-instance" xsi:schemaLocation="gme://caCORE.caCORE/4.4/edu.northwestern.radiology.AIM AIM_v4_rv44_XML.xsd">
<uniqueIdentifier root="ldmi69lzvjnbcp27u9j9jd2fu3buchxfcvjqlomy"></uniqueIdentifier>
<dateTime value="20150223152348"></dateTime>
<user>
<name value="anonymized"></name>
<loginName value="anonymized"></loginName>
<roleInTrial></roleInTrial>
</user>
<equipment>
<manufacturerName value="GE MEDICAL SYSTEMS"></manufacturerName>
<manufacturerModelName value=""></manufacturerModelName>
<softwareVersion value="LightSpeedApps308I.2_H3.1M5"></softwareVersion>
</equipment>
<person>
<name value="anonymized"></name>
<id value="R01-128"></id>
<birthDate value=""></birthDate>
<sex value="F"></sex>
<ethnicGroup></ethnicGroup>
</person>
<imageAnnotations>
<ImageAnnotation>
<uniqueIdentifier root="2.25.78142768915231972473467216306481006793"></uniqueIdentifier>
<typeCode code="LT1" codeSystemName="Lung Template">
<iso:displayName value="Lung Template" xmlns:iso="uri:iso.org:21090"></iso:displayName>
</typeCode>
<dateTime value="20150223152348"></dateTime>
<name value="Lesion1~sp1~-~sp1~-1~sp1~#FFFFFF"></name>
<comment value="CT / AXIAL / 185"></comment>
<imagingPhysicalEntityCollection>
<ImagingPhysicalEntity>
<uniqueIdentifier root="2.25.37756366401371840447023423250006659272"></uniqueIdentifier>
<typeCode code="RID1338" codeSystemName="RadLex_3.9.1" codeSystemVersion="">
<iso:displayName value="lower lobe of left lung" xmlns:iso="uri:iso.org:21090"></iso:displayName>
</typeCode>
<annotatorConfidence value="0.0"></annotatorConfidence>
<label value="Anatomic Location"></label>
</ImagingPhysicalEntity>
</imagingPhysicalEntityCollection>
<calculationEntityCollection>
<CalculationEntity>
<uniqueIdentifier root="jrkbzsd0ulxz4omittyvtwkupxkk0xjap0c48xwi"></uniqueIdentifier>
<typeCode code="LineLength" codeSystemName="private">
<iso:displayName value="LineLength" xmlns:iso="uri:iso.org:21090"></iso:displayName>
</typeCode>
<description value="LineLength"></description>
<mathML></mathML>
<calculationResultCollection>
<CalculationResult type="Scalar" xsi:type="ExtendedCalculationResult">
<unitOfMeasure value="linear"></unitOfMeasure>
<dataType code="99EPADD0" codeSystemName="99EPAD" codeSystemVersion="1">
<iso:displayName value="NA" xmlns:iso="uri:iso.org:21090"></iso:displayName>
</dataType>
<dimensionCollection>
<Dimension>
<index value="0"></index>
<size value="1"></size>
<label value="LineLength"></label>
</Dimension>
</dimensionCollection>
<calculationDataCollection>
<CalculationData>
<value value="0.2652723430572753"></value>
<coordinateCollection>
<Coordinate>
<dimensionIndex value="0"></dimensionIndex>
<position value="0"></position>
</Coordinate>
</coordinateCollection>
</CalculationData>
</calculationDataCollection>
</CalculationResult>
</calculationResultCollection>
<algorithm>
<name value="LineLength"></name>
<type code="99EPADA0" codeSystemName="99EPAD" codeSystemVersion="1">
<iso:displayName value="NA" xmlns:iso="uri:iso.org:21090"></iso:displayName>
</type>
<version value="1.0"></version>
</algorithm>
</CalculationEntity>
</calculationEntityCollection>
<imagingObservationEntityCollection>
<ImagingObservationEntity>
<uniqueIdentifier root="2.25.309594833561273991557872157611461991971"></uniqueIdentifier>
<typeCode code="RID39056" codeSystemName="RadLex3.8" codeSystemVersion="">
<iso:displayName value=" lung mass" xmlns:iso="uri:iso.org:21090"></iso:displayName>
</typeCode>
<annotatorConfidence value="0.0"></annotatorConfidence>
<label value="Lung Nodule"></label>
<comment></comment>
<imagingObservationCharacteristicCollection>
<ImagingObservationCharacteristic>
<typeCode code="RID5828" codeSystemName="RadLex_3.9.1" codeSystemVersion="">
<iso:displayName value="peripheral" xmlns:iso="uri:iso.org:21090"></iso:displayName>
</typeCode>
<annotatorConfidence value="0.0"></annotatorConfidence>
<label value="Axial Location"></label>
<comment></comment>
</ImagingObservationCharacteristic>
<ImagingObservationCharacteristic>
<typeCode code="RID5741" codeSystemName="RadLex.3.10" codeSystemVersion="">
<iso:displayName value="solid" xmlns:iso="uri:iso.org:21090"></iso:displayName>
</typeCode>
<annotatorConfidence value="0.0"></annotatorConfidence>
<label value="Nodule Attenuation"></label>
<comment></comment>
</ImagingObservationCharacteristic>
<ImagingObservationCharacteristic>
<typeCode code="RID34284" codeSystemName="RadLex" codeSystemVersion="1.0">
<iso:displayName value="spiculated" xmlns:iso="uri:iso.org:21090"></iso:displayName>
</typeCode>
<annotatorConfidence value="0.0"></annotatorConfidence>
<label value="Nodule Margins-Primary Pattern"></label>
<comment></comment>
</ImagingObservationCharacteristic>
<ImagingObservationCharacteristic>
<typeCode code="RID5809" codeSystemName="RadLex" codeSystemVersion="1.0">
<iso:displayName value="irregular" xmlns:iso="uri:iso.org:21090"></iso:displayName>
</typeCode>
<annotatorConfidence value="0.0"></annotatorConfidence>
<label value="Nodule Margins-Secondary Pattern"></label>
<comment></comment>
</ImagingObservationCharacteristic>
<ImagingObservationCharacteristic>
<typeCode code="RID5799" codeSystemName="RadLex" codeSystemVersion="1.0">
<iso:displayName value="round" xmlns:iso="uri:iso.org:21090"></iso:displayName>
</typeCode>
<annotatorConfidence value="0.0"></annotatorConfidence>
<label value="Nodule Shape"></label>
<comment></comment>
</ImagingObservationCharacteristic>
<ImagingObservationCharacteristic>
<typeCode code="RID28454" codeSystemName="RadLex" codeSystemVersion="1.0">
<iso:displayName value="none" xmlns:iso="uri:iso.org:21090"></iso:displayName>
</typeCode>
<annotatorConfidence value="0.0"></annotatorConfidence>
<label value="Nodule Calcification"></label>
<comment></comment>
</ImagingObservationCharacteristic>
<ImagingObservationCharacteristic>
<typeCode code="RID46018" codeSystemName="RadLex.3.10" codeSystemVersion="">
<iso:displayName value="attachment to pleura" xmlns:iso="uri:iso.org:21090"></iso:displayName>
</typeCode>
<annotatorConfidence value="0.0"></annotatorConfidence>
<label value="Nodule Associated Findings"></label>
<comment></comment>
</ImagingObservationCharacteristic>
<ImagingObservationCharacteristic>
<typeCode code="RID46034" codeSystemName="RadLex.3.10" codeSystemVersion="">
<iso:displayName value="pleural retraction" xmlns:iso="uri:iso.org:21090"></iso:displayName>
</typeCode>
<annotatorConfidence value="0.0"></annotatorConfidence>
<label value="Nodule Associated Findings"></label>
<comment></comment>
</ImagingObservationCharacteristic>
<ImagingObservationCharacteristic>
<typeCode code="RID46035" codeSystemName="RadLex.3.10" codeSystemVersion="">
<iso:displayName value="entering airway" xmlns:iso="uri:iso.org:21090"></iso:displayName>
</typeCode>
<annotatorConfidence value="0.0"></annotatorConfidence>
<label value="Nodule Associated Findings"></label>
<comment></comment>
</ImagingObservationCharacteristic>
<ImagingObservationCharacteristic>
<typeCode code="RID46036" codeSystemName="RadLex.3.10" codeSystemVersion="">
<iso:displayName value="vascular convergence" xmlns:iso="uri:iso.org:21090"></iso:displayName>
</typeCode>
<annotatorConfidence value="0.0"></annotatorConfidence>
<label value="Nodule Associated Findings"></label>
<comment></comment>
</ImagingObservationCharacteristic>
<ImagingObservationCharacteristic>
<typeCode code="RID46021" codeSystemName="RadLex.3.10" codeSystemVersion="">
<iso:displayName value="septal thickening" xmlns:iso="uri:iso.org:21090"></iso:displayName>
</typeCode>
<annotatorConfidence value="0.0"></annotatorConfidence>
<label value="Nodule Associated Findings"></label>
<comment></comment>
</ImagingObservationCharacteristic>
<ImagingObservationCharacteristic>
<typeCode code="RID13173" codeSystemName="RadLex3.10_NS" codeSystemVersion="">
<iso:displayName value="normal" xmlns:iso="uri:iso.org:21090"></iso:displayName>
</typeCode>
<annotatorConfidence value="0.0"></annotatorConfidence>
<label value="Nodule Periphery"></label>
<comment></comment>
</ImagingObservationCharacteristic>
<ImagingObservationCharacteristic>
<typeCode code="RID28473" codeSystemName="RadLex3.10_NS" codeSystemVersion="">
<iso:displayName value="absent" xmlns:iso="uri:iso.org:21090"></iso:displayName>
</typeCode>
<annotatorConfidence value="0.0"></annotatorConfidence>
<label value="Satellite Nodules in Primary Lesion Lobe (greater than 4mm noncalcified)"></label>
<comment></comment>
</ImagingObservationCharacteristic>
<ImagingObservationCharacteristic>
<typeCode code="RID28473" codeSystemName="RadLex3.10_NS" codeSystemVersion="">
<iso:displayName value="absent" xmlns:iso="uri:iso.org:21090"></iso:displayName>
</typeCode>
<annotatorConfidence value="0.0"></annotatorConfidence>
<label value="Nodules in Non-Lesion Lobe Same Lung (greater than 4mm noncalcified)"></label>
<comment></comment>
</ImagingObservationCharacteristic>
<ImagingObservationCharacteristic>
<typeCode code="RID5741" codeSystemName="RadLex3.10_NS" codeSystemVersion="">
<iso:displayName value="solid" xmlns:iso="uri:iso.org:21090"></iso:displayName>
</typeCode>
<annotatorConfidence value="0.0"></annotatorConfidence>
<label value="Nodules in Contralateral Lung (gretater than 4mm noncalcified)"></label>
<comment></comment>
</ImagingObservationCharacteristic>
<ImagingObservationCharacteristic>
<typeCode code="RID28473" codeSystemName="RadLex3.10_NS" codeSystemVersion="">
<iso:displayName value="absent" xmlns:iso="uri:iso.org:21090"></iso:displayName>
</typeCode>
<annotatorConfidence value="0.0"></annotatorConfidence>
<label value="Centrilobular Nodules - Diffuse (RB type nodules)"></label>
<comment></comment>
</ImagingObservationCharacteristic>
<ImagingObservationCharacteristic>
<typeCode code="RID28473" codeSystemName="RadLex3.10_NS" codeSystemVersion="">
<iso:displayName value="absent" xmlns:iso="uri:iso.org:21090"></iso:displayName>
</typeCode>
<annotatorConfidence value="0.0"></annotatorConfidence>
<label value="Emphysema"></label>
<comment></comment>
</ImagingObservationCharacteristic>
<ImagingObservationCharacteristic>
<typeCode code="RID28473" codeSystemName="RadLex3.10_NS" codeSystemVersion="">
<iso:displayName value="absent" xmlns:iso="uri:iso.org:21090"></iso:displayName>
</typeCode>
<annotatorConfidence value="0.0"></annotatorConfidence>
<label value="Fibrosis"></label>
<comment></comment>
</ImagingObservationCharacteristic>
</imagingObservationCharacteristicCollection>
</ImagingObservationEntity>
</imagingObservationEntityCollection>
<markupEntityCollection>
<MarkupEntity xsi:type="TwoDimensionCircle">
<uniqueIdentifier root="2bica4n4twvv3rqchs1nkwye6z57yd1e9v9ehn6d"></uniqueIdentifier>
<shapeIdentifier value="1"></shapeIdentifier>
<includeFlag value="true"></includeFlag>
<lineColor></lineColor>
<lineOpacity></lineOpacity>
<lineStyle></lineStyle>
<lineThickness></lineThickness>
<imageReferenceUid root="1.3.6.1.4.1.14519.5.2.1.4334.1501.868447237651250925974537667650"></imageReferenceUid>
<referencedFrameNumber value="1"></referencedFrameNumber>
<twoDimensionSpatialCoordinateCollection>
<TwoDimensionSpatialCoordinate>
<coordinateIndex value="0"></coordinateIndex>
<x value="383.66753246753245"></x>
<y value="278.6077922077922"></y>
</TwoDimensionSpatialCoordinate>
<TwoDimensionSpatialCoordinate>
<coordinateIndex value="1"></coordinateIndex>
<x value="386.3272727272727"></x>
<y value="281.9324675324675"></y>
</TwoDimensionSpatialCoordinate>
</twoDimensionSpatialCoordinateCollection>
</MarkupEntity>
</markupEntityCollection>
<imageReferenceEntityCollection>
<ImageReferenceEntity xsi:type="DicomImageReferenceEntity">
<uniqueIdentifier root="2.25.131993464596518162767628835735838612740"></uniqueIdentifier>
<imageStudy>
<instanceUid root="1.3.6.1.4.1.14519.5.2.1.4334.1501.852775115601643027744243311585"></instanceUid>
<startDate value="19950812000008"></startDate>
<startTime value="00:00:08"></startTime>
<imageSeries>
<instanceUid root="1.3.6.1.4.1.14519.5.2.1.4334.1501.233592025121811012087005174786"></instanceUid>
<modality code="99EPADM0" codeSystemName="99EPAD">
<iso:displayName value="NA" xmlns:iso="uri:iso.org:21090"></iso:displayName>
</modality>
<imageCollection>
<Image>
<sopClassUid root=""></sopClassUid>
<sopInstanceUid root="1.3.6.1.4.1.14519.5.2.1.4334.1501.868447237651250925974537667650"></sopInstanceUid>
</Image>
</imageCollection>
</imageSeries>
</imageStudy>
</ImageReferenceEntity>
</imageReferenceEntityCollection>
</ImageAnnotation>
</imageAnnotations>
</ImageAnnotationCollection>